"空间键","空间名称","页面ID","父页面ID","父页面标题","标题","层级深度","同级序号","目录路径","主题推断","最后修改时间","最后修改人","子页面是否截断","链接"
"YFZXJSSL","视像科技研发中心技术沙龙","146968877","","","视像科技研发中心技术沙龙 主页","0","1","视像科技研发中心技术沙龙 主页","其他","2024-05-21 14:17:56","曹金龙","否","http://dmtks.hisense.com/pages/viewpage.action?pageId=146968877"
"YFZXJSSL","视像科技研发中心技术沙龙","16845958","146968877","视像科技研发中心技术沙龙 主页","2018年","1","1","视像科技研发中心技术沙龙 主页 / 2018年","其他","2018-01-03 14:08:00","未知用户 (sunliping1)","是","http://dmtks.hisense.com/pages/viewpage.action?pageId=16845958"
"YFZXJSSL","视像科技研发中心技术沙龙","17174077","16845958","2018年","第10期 智能包装产业趋势及应用展望","2","1","视像科技研发中心技术沙龙 主页 / 2018年 / 第10期 智能包装产业趋势及应用展望","其他","2018-03-27 10:41:55","未知用户 (sunliping1)","否","http://dmtks.hisense.com/pages/viewpage.action?pageId=17174077"
"YFZXJSSL","视像科技研发中心技术沙龙","17174686","16845958","2018年","第11期 指纹识别技术研究","2","2","视像科技研发中心技术沙龙 主页 / 2018年 / 第11期 指纹识别技术研究","其他","2018-03-28 09:22:43","未知用户 (sunliping1)","否","http://dmtks.hisense.com/pages/viewpage.action?pageId=17174686"
"YFZXJSSL","视像科技研发中心技术沙龙","17175823","16845958","2018年","第12期 双摄算法技术原理及效果测评","2","3","视像科技研发中心技术沙龙 主页 / 2018年 / 第12期 双摄算法技术原理及效果测评","其他","2018-03-29 14:05:30","未知用户 (sunliping1)","否","http://dmtks.hisense.com/pages/viewpage.action?pageId=17175823"
"YFZXJSSL","视像科技研发中心技术沙龙","17176838","16845958","2018年","第13期 集成电路ESD失效、测试评估","2","4","视像科技研发中心技术沙龙 主页 / 2018年 / 第13期 集成电路ESD失效、测试评估","设计与架构","2018-03-30 14:24:34","未知用户 (sunliping1)","否","http://dmtks.hisense.com/pages/viewpage.action?pageId=17176838"
"YFZXJSSL","视像科技研发中心技术沙龙","17796075","16845958","2018年","第14期 FPGA的PCB设计交流","2","5","视像科技研发中心技术沙龙 主页 / 2018年 / 第14期 FPGA的PCB设计交流","设计与架构","2018-04-11 09:48:59","未知用户 (sunliping1)","否","http://dmtks.hisense.com/pages/viewpage.action?pageId=17796075"
"YFZXJSSL","视像科技研发中心技术沙龙","17797009","16845958","2018年","第15期 2018CCBN展会分享","2","6","视像科技研发中心技术沙龙 主页 / 2018年 / 第15期 2018CCBN展会分享","其他","2018-04-12 10:08:20","未知用户 (sunliping1)","否","http://dmtks.hisense.com/pages/viewpage.action?pageId=17797009"
"YFZXJSSL","视像科技研发中心技术沙龙","18484564","16845958","2018年","第16期 OLED产品技术现状及发展趋势","2","7","视像科技研发中心技术沙龙 主页 / 2018年 / 第16期 OLED产品技术现状及发展趋势","其他","2018-04-19 16:08:48","未知用户 (sunliping1)","否","http://dmtks.hisense.com/pages/viewpage.action?pageId=18484564"
"YFZXJSSL","视像科技研发中心技术沙龙","19104797","16845958","2018年","第17期 基于整机平台的智能天线系统","2","8","视像科技研发中心技术沙龙 主页 / 2018年 / 第17期 基于整机平台的智能天线系统","其他","2018-04-24 09:57:04","未知用户 (sunliping1)","否","http://dmtks.hisense.com/pages/viewpage.action?pageId=19104797"
"YFZXJSSL","视像科技研发中心技术沙龙","19105669","16845958","2018年","第18期 monkey源码分析及应用介绍","2","9","视像科技研发中心技术沙龙 主页 / 2018年 / 第18期 monkey源码分析及应用介绍","问题与复盘","2018-04-25 11:46:51","未知用户 (sunliping1)","否","http://dmtks.hisense.com/pages/viewpage.action?pageId=19105669"
"YFZXJSSL","视像科技研发中心技术沙龙","19105673","16845958","2018年","第19期 手机陶瓷后盖应用","2","10","视像科技研发中心技术沙龙 主页 / 2018年 / 第19期 手机陶瓷后盖应用","其他","2018-04-25 11:51:55","未知用户 (sunliping1)","否","http://dmtks.hisense.com/pages/viewpage.action?pageId=19105673"
"YFZXJSSL","视像科技研发中心技术沙龙","16845968","16845958","2018年","第1期 主题：用户洞察驱动产品创新","2","11","视像科技研发中心技术沙龙 主页 / 2018年 / 第1期 主题：用户洞察驱动产品创新","其他","2018-01-03 14:12:25","未知用户 (sunliping1)","否","http://dmtks.hisense.com/pages/viewpage.action?pageId=16845968"
"YFZXJSSL","视像科技研发中心技术沙龙","19106211","16845958","2018年","第20期 网络机顶盒WIFI性能提升交流","2","12","视像科技研发中心技术沙龙 主页 / 2018年 / 第20期 网络机顶盒WIFI性能提升交流","其他","2018-04-26 09:18:25","未知用户 (sunliping1)","否","http://dmtks.hisense.com/pages/viewpage.action?pageId=19106211"
"YFZXJSSL","视像科技研发中心技术沙龙","19107181","16845958","2018年","第21期 NetTV规范知识","2","13","视像科技研发中心技术沙龙 主页 / 2018年 / 第21期 NetTV规范知识","规范与流程","2018-04-27 09:59:07","未知用户 (sunliping1)","否","http://dmtks.hisense.com/pages/viewpage.action?pageId=19107181"
"YFZXJSSL","视像科技研发中心技术沙龙","19107189","16845958","2018年","第22期 运营商网络部署趋势及产品建议","2","14","视像科技研发中心技术沙龙 主页 / 2018年 / 第22期 运营商网络部署趋势及产品建议","其他","2018-04-27 10:00:25","未知用户 (sunliping1)","否","http://dmtks.hisense.com/pages/viewpage.action?pageId=19107189"
"YFZXJSSL","视像科技研发中心技术沙龙","19107192","16845958","2018年","第23期 iPhone结构组装优缺点探讨","2","15","视像科技研发中心技术沙龙 主页 / 2018年 / 第23期 iPhone结构组装优缺点探讨","其他","2018-04-27 10:01:37","未知用户 (sunliping1)","否","http://dmtks.hisense.com/pages/viewpage.action?pageId=19107192"
"YFZXJSSL","视像科技研发中心技术沙龙","20187999","16845958","2018年","第24期 3D复合板电池盖工艺及项目应用问题","2","16","视像科技研发中心技术沙龙 主页 / 2018年 / 第24期 3D复合板电池盖工艺及项目应用问题","二维三维与图形模型","2018-05-10 12:03:26","未知用户 (sunliping1)","否","http://dmtks.hisense.com/pages/viewpage.action?pageId=20187999"
"YFZXJSSL","视像科技研发中心技术沙龙","20810173","16845958","2018年","第25期 对应高标准跌落测试标准的结构设计方案及解决措施","2","17","视像科技研发中心技术沙龙 主页 / 2018年 / 第25期 对应高标准跌落测试标准的结构设计方案及解决措施","设计与架构","2018-05-17 09:40:51","未知用户 (sunliping1)","否","http://dmtks.hisense.com/pages/viewpage.action?pageId=20810173"
"YFZXJSSL","视像科技研发中心技术沙龙","20810176","16845958","2018年","第26期 精密装配与胶水技术交流","2","18","视像科技研发中心技术沙龙 主页 / 2018年 / 第26期 精密装配与胶水技术交流","其他","2018-05-17 09:41:43","未知用户 (sunliping1)","否","http://dmtks.hisense.com/pages/viewpage.action?pageId=20810176"
"YFZXJSSL","视像科技研发中心技术沙龙","20811036","16845958","2018年","第27期 EMC-手机相关测试解读及解决办法","2","19","视像科技研发中心技术沙龙 主页 / 2018年 / 第27期 EMC-手机相关测试解读及解决办法","测试与验证","2018-05-18 09:35:26","未知用户 (sunliping1)","否","http://dmtks.hisense.com/pages/viewpage.action?pageId=20811036"
"YFZXJSSL","视像科技研发中心技术沙龙","21431244","16845958","2018年","第28期 研发驻外支持工作收获分享","2","20","视像科技研发中心技术沙龙 主页 / 2018年 / 第28期 研发驻外支持工作收获分享","其他","2018-05-22 09:51:55","未知用户 (sunliping1)","否","http://dmtks.hisense.com/pages/viewpage.action?pageId=21431244"
"YFZXJSSL","视像科技研发中心技术沙龙","21432302","16845958","2018年","第29期 IPON光接入技术交流","2","21","视像科技研发中心技术沙龙 主页 / 2018年 / 第29期 IPON光接入技术交流","其他","2018-06-14 15:53:35","未知用户 (sunliping1)","否","http://dmtks.hisense.com/pages/viewpage.action?pageId=21432302"
"YFZXJSSL","视像科技研发中心技术沙龙","16846761","16845958","2018年","第2期 主题：Micro LED","2","22","视像科技研发中心技术沙龙 主页 / 2018年 / 第2期 主题：Micro LED","其他","2018-01-04 13:56:37","未知用户 (sunliping1)","否","http://dmtks.hisense.com/pages/viewpage.action?pageId=16846761"
"YFZXJSSL","视像科技研发中心技术沙龙","21432307","16845958","2018年","第30期 手机地磁传感器技术交流","2","23","视像科技研发中心技术沙龙 主页 / 2018年 / 第30期 手机地磁传感器技术交流","其他","2018-05-24 09:15:50","未知用户 (sunliping1)","否","http://dmtks.hisense.com/pages/viewpage.action?pageId=21432307"
"YFZXJSSL","视像科技研发中心技术沙龙","22054356","16845958","2018年","第31期 广电业务的全IP解决方案","2","24","视像科技研发中心技术沙龙 主页 / 2018年 / 第31期 广电业务的全IP解决方案","设计与架构","2018-05-30 11:58:26","未知用户 (sunliping1)","否","http://dmtks.hisense.com/pages/viewpage.action?pageId=22054356"
"YFZXJSSL","视像科技研发中心技术沙龙","22055017","16845958","2018年","第32期 Zigbee网关技术交流","2","25","视像科技研发中心技术沙龙 主页 / 2018年 / 第32期 Zigbee网关技术交流","其他","2018-05-31 10:19:45","未知用户 (sunliping1)","否","http://dmtks.hisense.com/pages/viewpage.action?pageId=22055017"
"YFZXJSSL","视像科技研发中心技术沙龙","22055302","16845958","2018年","第33期 电磁兼容技术交流","2","26","视像科技研发中心技术沙龙 主页 / 2018年 / 第33期 电磁兼容技术交流","其他","2018-05-31 16:24:35","未知用户 (sunliping1)","否","http://dmtks.hisense.com/pages/viewpage.action?pageId=22055302"
"YFZXJSSL","视像科技研发中心技术沙龙","23431064","16845958","2018年","第34期 手机制造技术自动化展参展出差总结","2","27","视像科技研发中心技术沙龙 主页 / 2018年 / 第34期 手机制造技术自动化展参展出差总结","其他","2018-06-13 09:00:11","未知用户 (sunliping1)","否","http://dmtks.hisense.com/pages/viewpage.action?pageId=23431064"
"YFZXJSSL","视像科技研发中心技术沙龙","24675293","16845958","2018年","第35期 Cozy介绍","2","28","视像科技研发中心技术沙龙 主页 / 2018年 / 第35期 Cozy介绍","其他","2018-06-26 10:33:36","未知用户 (sunliping1)","否","http://dmtks.hisense.com/pages/viewpage.action?pageId=24675293"
"YFZXJSSL","视像科技研发中心技术沙龙","24677084","16845958","2018年","第36期 技术写作-产品用户体验的新蓝海","2","29","视像科技研发中心技术沙龙 主页 / 2018年 / 第36期 技术写作-产品用户体验的新蓝海","其他","2018-06-28 10:02:42","未知用户 (sunliping1)","否","http://dmtks.hisense.com/pages/viewpage.action?pageId=24677084"
"YFZXJSSL","视像科技研发中心技术沙龙","24677093","16845958","2018年","第37期 Camera技术交流","2","30","视像科技研发中心技术沙龙 主页 / 2018年 / 第37期 Camera技术交流","其他","2018-06-28 10:06:41","未知用户 (sunliping1)","否","http://dmtks.hisense.com/pages/viewpage.action?pageId=24677093"
"YFZXJSSL","视像科技研发中心技术沙龙","24677098","16845958","2018年","第38期 智能音箱远场拾音技术交流","2","31","视像科技研发中心技术沙龙 主页 / 2018年 / 第38期 智能音箱远场拾音技术交流","其他","2018-06-28 10:06:25","未知用户 (sunliping1)","否","http://dmtks.hisense.com/pages/viewpage.action?pageId=24677098"
"YFZXJSSL","视像科技研发中心技术沙龙","24678784","16845958","2018年","第39期 TCP分析-手机射频方案对比","2","32","视像科技研发中心技术沙龙 主页 / 2018年 / 第39期 TCP分析-手机射频方案对比","设计与架构","2018-06-29 15:40:33","未知用户 (sunliping1)","否","http://dmtks.hisense.com/pages/viewpage.action?pageId=24678784"
"YFZXJSSL","视像科技研发中心技术沙龙","16860678","16845958","2018年","第3期 主题：OTA测试技术交流","2","33","视像科技研发中心技术沙龙 主页 / 2018年 / 第3期 主题：OTA测试技术交流","测试与验证","2018-01-25 13:25:34","未知用户 (sunliping1)","否","http://dmtks.hisense.com/pages/viewpage.action?pageId=16860678"
"YFZXJSSL","视像科技研发中心技术沙龙","25987702","16845958","2018年","第40期 简明英语在技术写作中的应用","2","34","视像科技研发中心技术沙龙 主页 / 2018年 / 第40期 简明英语在技术写作中的应用","其他","2018-07-12 14:11:00","未知用户 (sunliping1)","否","http://dmtks.hisense.com/pages/viewpage.action?pageId=25987702"
"YFZXJSSL","视像科技研发中心技术沙龙","26676007","16845958","2018年","第41期 OPPO R15/VIVO X21 拆机报告","2","35","视像科技研发中心技术沙龙 主页 / 2018年 / 第41期 OPPO R15/VIVO X21 拆机报告","其他","2018-07-17 11:58:47","未知用户 (sunliping1)","否","http://dmtks.hisense.com/pages/viewpage.action?pageId=26676007"
"YFZXJSSL","视像科技研发中心技术沙龙","26677650","16845958","2018年","第42期 基于GStreamer   + MQTT的多播放器同步方案","2","36","视像科技研发中心技术沙龙 主页 / 2018年 / 第42期 基于GStreamer   + MQTT的多播放器同步方案","设计与架构","2018-07-19 16:43:34","未知用户 (sunliping1)","否","http://dmtks.hisense.com/pages/viewpage.action?pageId=26677650"
"YFZXJSSL","视像科技研发中心技术沙龙","27329577","16845958","2018年","第43期 在线老化技术交流","2","37","视像科技研发中心技术沙龙 主页 / 2018年 / 第43期 在线老化技术交流","其他","2018-07-24 11:37:26","未知用户 (sunliping1)","否","http://dmtks.hisense.com/pages/viewpage.action?pageId=27329577"
"YFZXJSSL","视像科技研发中心技术沙龙","27330360","16845958","2018年","第44期 2018年HEAD acoustics电信行业音频测试研讨会资料分享，及智能家居设备的音频测试","2","38","视像科技研发中心技术沙龙 主页 / 2018年 / 第44期 2018年HEAD acoustics电信行业音频测试研讨会资料分享，及智能家居设备的音频测试","测试与验证","2018-07-25 14:01:50","未知用户 (sunliping1)","否","http://dmtks.hisense.com/pages/viewpage.action?pageId=27330360"
"YFZXJSSL","视像科技研发中心技术沙龙","27919458","16845958","2018年","第45期 深圳工装厂家考察新技术讨论","2","39","视像科技研发中心技术沙龙 主页 / 2018年 / 第45期 深圳工装厂家考察新技术讨论","其他","2018-07-31 10:32:46","未知用户 (sunliping1)","否","http://dmtks.hisense.com/pages/viewpage.action?pageId=27919458"
"YFZXJSSL","视像科技研发中心技术沙龙","27920867","16845958","2018年","第46期 扬声器密封可靠性提升","2","40","视像科技研发中心技术沙龙 主页 / 2018年 / 第46期 扬声器密封可靠性提升","其他","2018-08-02 10:56:41","未知用户 (sunliping1)","否","http://dmtks.hisense.com/pages/viewpage.action?pageId=27920867"
"YFZXJSSL","视像科技研发中心技术沙龙","41978520","146968877","视像科技研发中心技术沙龙 主页","2019年","1","2","视像科技研发中心技术沙龙 主页 / 2019年","其他","2019-01-04 10:43:21","未知用户 (sunliping1)","是","http://dmtks.hisense.com/pages/viewpage.action?pageId=41978520"
"YFZXJSSL","视像科技研发中心技术沙龙","68850984","41978520","2019年","第100期 智能标签 万物互联 标签产品知识分享","2","1","视像科技研发中心技术沙龙 主页 / 2019年 / 第100期 智能标签 万物互联 标签产品知识分享","其他","2019-10-17 11:10:08","未知用户 (sunliping1)","否","http://dmtks.hisense.com/pages/viewpage.action?pageId=68850984"
"YFZXJSSL","视像科技研发中心技术沙龙","69504448","41978520","2019年","第101期 方舟编译器和鸿蒙操作系统介绍以及OPPO   HyperBoost技术介绍","2","2","视像科技研发中心技术沙龙 主页 / 2019年 / 第101期 方舟编译器和鸿蒙操作系统介绍以及OPPO   HyperBoost技术介绍","其他","2019-10-23 13:05:40","未知用户 (sunliping1)","否","http://dmtks.hisense.com/pages/viewpage.action?pageId=69504448"
"YFZXJSSL","视像科技研发中心技术沙龙","69504451","41978520","2019年","第102期 极限空间下的架构技术研究（一）","2","3","视像科技研发中心技术沙龙 主页 / 2019年 / 第102期 极限空间下的架构技术研究（一）","设计与架构","2019-10-23 13:06:53","未知用户 (sunliping1)","否","http://dmtks.hisense.com/pages/viewpage.action?pageId=69504451"
"YFZXJSSL","视像科技研发中心技术沙龙","69505628","41978520","2019年","第103期 2019上海工博会分享会","2","4","视像科技研发中心技术沙龙 主页 / 2019年 / 第103期 2019上海工博会分享会","其他","2019-10-24 10:41:27","未知用户 (sunliping1)","否","http://dmtks.hisense.com/pages/viewpage.action?pageId=69505628"
"YFZXJSSL","视像科技研发中心技术沙龙","69505633","41978520","2019年","第104期 知识图谱简介及2019中文知识图谱会议总结","2","5","视像科技研发中心技术沙龙 主页 / 2019年 / 第104期 知识图谱简介及2019中文知识图谱会议总结","会议与协同","2019-10-24 10:43:05","未知用户 (sunliping1)","否","http://dmtks.hisense.com/pages/viewpage.action?pageId=69505633"
"YFZXJSSL","视像科技研发中心技术沙龙","69505638","41978520","2019年","第105期 石墨及石墨烯高导膜特性及其应用简介","2","6","视像科技研发中心技术沙龙 主页 / 2019年 / 第105期 石墨及石墨烯高导膜特性及其应用简介","其他","2019-10-24 10:43:50","未知用户 (sunliping1)","否","http://dmtks.hisense.com/pages/viewpage.action?pageId=69505638"
"YFZXJSSL","视像科技研发中心技术沙龙","69505641","41978520","2019年","第106期 RaspberryPi介绍及测试应用","2","7","视像科技研发中心技术沙龙 主页 / 2019年 / 第106期 RaspberryPi介绍及测试应用","测试与验证","2019-10-24 10:44:42","未知用户 (sunliping1)","否","http://dmtks.hisense.com/pages/viewpage.action?pageId=69505641"
"YFZXJSSL","视像科技研发中心技术沙龙","69505853","41978520","2019年","第107期 电商包装和华为、TCL包装介绍","2","8","视像科技研发中心技术沙龙 主页 / 2019年 / 第107期 电商包装和华为、TCL包装介绍","其他","2019-10-24 14:05:29","未知用户 (sunliping1)","否","http://dmtks.hisense.com/pages/viewpage.action?pageId=69505853"
"YFZXJSSL","视像科技研发中心技术沙龙","70158849","41978520","2019年","第108期 近期TCP射频相关汇总分析及分享","2","9","视像科技研发中心技术沙龙 主页 / 2019年 / 第108期 近期TCP射频相关汇总分析及分享","问题与复盘","2019-10-29 14:03:28","未知用户 (sunliping1)","否","http://dmtks.hisense.com/pages/viewpage.action?pageId=70158849"
"YFZXJSSL","视像科技研发中心技术沙龙","70160309","41978520","2019年","第109期 社交电视硬件架构","2","10","视像科技研发中心技术沙龙 主页 / 2019年 / 第109期 社交电视硬件架构","设计与架构","2019-10-30 13:41:28","未知用户 (sunliping1)","否","http://dmtks.hisense.com/pages/viewpage.action?pageId=70160309"
"YFZXJSSL","视像科技研发中心技术沙龙","46796006","41978520","2019年","第10期 基于海外电视UI3.0的图像采集自动化工具","2","11","视像科技研发中心技术沙龙 主页 / 2019年 / 第10期 基于海外电视UI3.0的图像采集自动化工具","其他","2019-02-21 09:20:11","未知用户 (sunliping1)","否","http://dmtks.hisense.com/pages/viewpage.action?pageId=46796006"
"YFZXJSSL","视像科技研发中心技术沙龙","70160315","41978520","2019年","第110期 软件设计模块化思想；MySQL数据库优化","2","12","视像科技研发中心技术沙龙 主页 / 2019年 / 第110期 软件设计模块化思想；MySQL数据库优化","设计与架构","2019-10-30 13:43:08","未知用户 (sunliping1)","否","http://dmtks.hisense.com/pages/viewpage.action?pageId=70160315"
"YFZXJSSL","视像科技研发中心技术沙龙","70782463","41978520","2019年","第111期 2019曼谷安卓合作者峰会材料分享","2","13","视像科技研发中心技术沙龙 主页 / 2019年 / 第111期 2019曼谷安卓合作者峰会材料分享","其他","2019-11-06 13:51:00","未知用户 (sunliping1)","否","http://dmtks.hisense.com/pages/viewpage.action?pageId=70782463"
"YFZXJSSL","视像科技研发中心技术沙龙","71403913","41978520","2019年","第112期 生命特征传感器简介","2","14","视像科技研发中心技术沙龙 主页 / 2019年 / 第112期 生命特征传感器简介","其他","2019-11-12 10:01:50","未知用户 (sunliping1)","否","http://dmtks.hisense.com/pages/viewpage.action?pageId=71403913"
"YFZXJSSL","视像科技研发中心技术沙龙","71406411","41978520","2019年","第113期 手机差异化设计技术交流","2","15","视像科技研发中心技术沙龙 主页 / 2019年 / 第113期 手机差异化设计技术交流","设计与架构","2019-11-13 15:26:24","未知用户 (sunliping1)","否","http://dmtks.hisense.com/pages/viewpage.action?pageId=71406411"
"YFZXJSSL","视像科技研发中心技术沙龙","71407333","41978520","2019年","第114期 IQOO-5G拆机分析","2","16","视像科技研发中心技术沙龙 主页 / 2019年 / 第114期 IQOO-5G拆机分析","问题与复盘","2019-11-14 09:45:24","未知用户 (sunliping1)","否","http://dmtks.hisense.com/pages/viewpage.action?pageId=71407333"
"YFZXJSSL","视像科技研发中心技术沙龙","72093246","41978520","2019年","第115期 海信音响产品介绍及关键要素","2","17","视像科技研发中心技术沙龙 主页 / 2019年 / 第115期 海信音响产品介绍及关键要素","其他","2019-11-20 10:58:06","未知用户 (sunliping1)","否","http://dmtks.hisense.com/pages/viewpage.action?pageId=72093246"
"YFZXJSSL","视像科技研发中心技术沙龙","72094140","41978520","2019年","第116期 图像语义分割技术应用研究","2","18","视像科技研发中心技术沙龙 主页 / 2019年 / 第116期 图像语义分割技术应用研究","其他","2019-11-21 09:42:39","未知用户 (sunliping1)","否","http://dmtks.hisense.com/pages/viewpage.action?pageId=72094140"
"YFZXJSSL","视像科技研发中心技术沙龙","73335464","41978520","2019年","第117期 第七届电声技术国际研讨会交流","2","19","视像科技研发中心技术沙龙 主页 / 2019年 / 第117期 第七届电声技术国际研讨会交流","其他","2019-12-02 10:08:36","未知用户 (sunliping1)","否","http://dmtks.hisense.com/pages/viewpage.action?pageId=73335464"
"YFZXJSSL","视像科技研发中心技术沙龙","73338442","41978520","2019年","第118期 纳米疏水镀膜应用及介绍","2","20","视像科技研发中心技术沙龙 主页 / 2019年 / 第118期 纳米疏水镀膜应用及介绍","其他","2019-11-28 11:34:35","未知用户 (sunliping1)","否","http://dmtks.hisense.com/pages/viewpage.action?pageId=73338442"
"YFZXJSSL","视像科技研发中心技术沙龙","73339091","41978520","2019年","第119期 电视智能化现状及展望探讨","2","21","视像科技研发中心技术沙龙 主页 / 2019年 / 第119期 电视智能化现状及展望探讨","其他","2019-11-28 17:40:29","未知用户 (sunliping1)","否","http://dmtks.hisense.com/pages/viewpage.action?pageId=73339091"
"YFZXJSSL","视像科技研发中心技术沙龙","47483516","41978520","2019年","第11期 以用户为中心的泛术语服务","2","22","视像科技研发中心技术沙龙 主页 / 2019年 / 第11期 以用户为中心的泛术语服务","其他","2019-02-27 09:57:24","未知用户 (sunliping1)","否","http://dmtks.hisense.com/pages/viewpage.action?pageId=47483516"
"YFZXJSSL","视像科技研发中心技术沙龙","73894584","41978520","2019年","第120期 仿真分析阶段性报告","2","23","视像科技研发中心技术沙龙 主页 / 2019年 / 第120期 仿真分析阶段性报告","问题与复盘","2019-12-03 15:50:31","未知用户 (sunliping1)","否","http://dmtks.hisense.com/pages/viewpage.action?pageId=73894584"
"YFZXJSSL","视像科技研发中心技术沙龙","74520987","41978520","2019年","第121期 金属机壳镭雕技术","2","24","视像科技研发中心技术沙龙 主页 / 2019年 / 第121期 金属机壳镭雕技术","其他","2019-12-13 12:33:52","未知用户 (sunliping1)","否","http://dmtks.hisense.com/pages/viewpage.action?pageId=74520987"
"YFZXJSSL","视像科技研发中心技术沙龙","75171630","41978520","2019年","第122期 2019上海微波与天线技术展会分享","2","25","视像科技研发中心技术沙龙 主页 / 2019年 / 第122期 2019上海微波与天线技术展会分享","其他","2019-12-17 09:11:01","未知用户 (sunliping1)","否","http://dmtks.hisense.com/pages/viewpage.action?pageId=75171630"
"YFZXJSSL","视像科技研发中心技术沙龙","75862698","41978520","2019年","第123期 物联网与智慧物流介绍","2","26","视像科技研发中心技术沙龙 主页 / 2019年 / 第123期 物联网与智慧物流介绍","其他","2019-12-25 17:37:03","未知用户 (sunliping1)","否","http://dmtks.hisense.com/pages/viewpage.action?pageId=75862698"
"YFZXJSSL","视像科技研发中心技术沙龙","75862704","41978520","2019年","第124期 Android AudioEffect 音效框架介绍与实现","2","27","视像科技研发中心技术沙龙 主页 / 2019年 / 第124期 Android AudioEffect 音效框架介绍与实现","其他","2019-12-25 17:37:51","未知用户 (sunliping1)","否","http://dmtks.hisense.com/pages/viewpage.action?pageId=75862704"
"YFZXJSSL","视像科技研发中心技术沙龙","75864318","41978520","2019年","第125期 红外遥控协议原理及模拟方案","2","28","视像科技研发中心技术沙龙 主页 / 2019年 / 第125期 红外遥控协议原理及模拟方案","设计与架构","2019-12-27 10:17:40","未知用户 (sunliping1)","否","http://dmtks.hisense.com/pages/viewpage.action?pageId=75864318"
"YFZXJSSL","视像科技研发中心技术沙龙","76448496","41978520","2019年","第126期 2019亚洲国际标签印刷展技术分享","2","29","视像科技研发中心技术沙龙 主页 / 2019年 / 第126期 2019亚洲国际标签印刷展技术分享","其他","2019-12-30 14:07:58","未知用户 (sunliping1)","否","http://dmtks.hisense.com/pages/viewpage.action?pageId=76448496"
"YFZXJSSL","视像科技研发中心技术沙龙","76448499","41978520","2019年","第127期 华为荣耀平板M5竞品分析","2","30","视像科技研发中心技术沙龙 主页 / 2019年 / 第127期 华为荣耀平板M5竞品分析","问题与复盘","2019-12-30 14:08:40","未知用户 (sunliping1)","否","http://dmtks.hisense.com/pages/viewpage.action?pageId=76448499"
"YFZXJSSL","视像科技研发中心技术沙龙","76448617","41978520","2019年","第128期 超高频电源技术研究","2","31","视像科技研发中心技术沙龙 主页 / 2019年 / 第128期 超高频电源技术研究","其他","2019-12-30 15:26:35","未知用户 (sunliping1)","否","http://dmtks.hisense.com/pages/viewpage.action?pageId=76448617"
"YFZXJSSL","视像科技研发中心技术沙龙","76449889","41978520","2019年","第129期 2019年中国技术传播论坛分享","2","32","视像科技研发中心技术沙龙 主页 / 2019年 / 第129期 2019年中国技术传播论坛分享","其他","2019-12-31 11:20:10","未知用户 (sunliping1)","否","http://dmtks.hisense.com/pages/viewpage.action?pageId=76449889"
"YFZXJSSL","视像科技研发中心技术沙龙","47483594","41978520","2019年","第12期 CAE在手机结构设计开发流程中的应用","2","33","视像科技研发中心技术沙龙 主页 / 2019年 / 第12期 CAE在手机结构设计开发流程中的应用","设计与架构","2019-02-27 10:45:56","未知用户 (sunliping1)","否","http://dmtks.hisense.com/pages/viewpage.action?pageId=47483594"
"YFZXJSSL","视像科技研发中心技术沙龙","47484935","41978520","2019年","第13期 3D玻璃热弯加工与新技术","2","34","视像科技研发中心技术沙龙 主页 / 2019年 / 第13期 3D玻璃热弯加工与新技术","二维三维与图形模型","2019-02-28 10:27:13","未知用户 (sunliping1)","否","http://dmtks.hisense.com/pages/viewpage.action?pageId=47484935"
"YFZXJSSL","视像科技研发中心技术沙龙","47484945","41978520","2019年","第14期 智能物联网设备测试交流","2","35","视像科技研发中心技术沙龙 主页 / 2019年 / 第14期 智能物联网设备测试交流","测试与验证","2019-02-28 10:28:53","未知用户 (sunliping1)","否","http://dmtks.hisense.com/pages/viewpage.action?pageId=47484945"
"YFZXJSSL","视像科技研发中心技术沙龙","48829378","41978520","2019年","第15期 国内电信设备进网认证政策及资料变化介绍","2","36","视像科技研发中心技术沙龙 主页 / 2019年 / 第15期 国内电信设备进网认证政策及资料变化介绍","培训与知识","2019-03-14 10:27:07","未知用户 (sunliping1)","否","http://dmtks.hisense.com/pages/viewpage.action?pageId=48829378"
"YFZXJSSL","视像科技研发中心技术沙龙","50135461","41978520","2019年","第16期 AWE产品竞争力分析","2","37","视像科技研发中心技术沙龙 主页 / 2019年 / 第16期 AWE产品竞争力分析","问题与复盘","2019-03-25 11:39:18","未知用户 (sunliping1)","否","http://dmtks.hisense.com/pages/viewpage.action?pageId=50135461"
"YFZXJSSL","视像科技研发中心技术沙龙","50138004","41978520","2019年","第17期 压铸工艺与相关结构件介绍","2","38","视像科技研发中心技术沙龙 主页 / 2019年 / 第17期 压铸工艺与相关结构件介绍","其他","2019-03-27 15:34:17","未知用户 (sunliping1)","否","http://dmtks.hisense.com/pages/viewpage.action?pageId=50138004"
"YFZXJSSL","视像科技研发中心技术沙龙","50138504","41978520","2019年","第18期 耳机选型及对人耳听力损伤影响介绍","2","39","视像科技研发中心技术沙龙 主页 / 2019年 / 第18期 耳机选型及对人耳听力损伤影响介绍","其他","2019-03-28 09:58:37","未知用户 (sunliping1)","否","http://dmtks.hisense.com/pages/viewpage.action?pageId=50138504"
"YFZXJSSL","视像科技研发中心技术沙龙","50138509","41978520","2019年","第19期 不同设备之间的数据传输功能技术调研","2","40","视像科技研发中心技术沙龙 主页 / 2019年 / 第19期 不同设备之间的数据传输功能技术调研","数据与质量","2019-03-28 09:59:32","未知用户 (sunliping1)","否","http://dmtks.hisense.com/pages/viewpage.action?pageId=50138509"
"YFZXJSSL","视像科技研发中心技术沙龙","76452404","146968877","视像科技研发中心技术沙龙 主页","2020年","1","3","视像科技研发中心技术沙龙 主页 / 2020年","其他","2020-01-02 15:17:15","未知用户 (sunliping1)","是","http://dmtks.hisense.com/pages/viewpage.action?pageId=76452404"
"YFZXJSSL","视像科技研发中心技术沙龙","111449138","76452404","2020年","第100期 WiFi6 技术分享","2","1","视像科技研发中心技术沙龙 主页 / 2020年 / 第100期 WiFi6 技术分享","其他","2020-12-30 16:54:04","王军","否","http://dmtks.hisense.com/pages/viewpage.action?pageId=111449138"
"YFZXJSSL","视像科技研发中心技术沙龙","111449156","76452404","2020年","第101期 基于soundcheck的声学测试","2","2","视像科技研发中心技术沙龙 主页 / 2020年 / 第101期 基于soundcheck的声学测试","测试与验证","2020-12-30 16:59:08","王军","否","http://dmtks.hisense.com/pages/viewpage.action?pageId=111449156"
"YFZXJSSL","视像科技研发中心技术沙龙","111450761","76452404","2020年","第102期 手机防水膜生产测试方法","2","3","视像科技研发中心技术沙龙 主页 / 2020年 / 第102期 手机防水膜生产测试方法","测试与验证","2020-12-31 15:08:40","王军","否","http://dmtks.hisense.com/pages/viewpage.action?pageId=111450761"
"YFZXJSSL","视像科技研发中心技术沙龙","85954367","76452404","2020年","第10期 扬声器和MIC密封测试技术分享","2","4","视像科技研发中心技术沙龙 主页 / 2020年 / 第10期 扬声器和MIC密封测试技术分享","测试与验证","2020-04-15 13:39:49","未知用户 (sunliping1)","否","http://dmtks.hisense.com/pages/viewpage.action?pageId=85954367"
"YFZXJSSL","视像科技研发中心技术沙龙","85954621","76452404","2020年","第11期 android自动化测试技术分享","2","5","视像科技研发中心技术沙龙 主页 / 2020年 / 第11期 android自动化测试技术分享","测试与验证","2020-04-16 09:33:19","未知用户 (sunliping1)","否","http://dmtks.hisense.com/pages/viewpage.action?pageId=85954621"
"YFZXJSSL","视像科技研发中心技术沙龙","85954670","76452404","2020年","第12期 L762项目总结","2","6","视像科技研发中心技术沙龙 主页 / 2020年 / 第12期 L762项目总结","项目管理","2020-04-15 14:05:06","未知用户 (sunliping1)","否","http://dmtks.hisense.com/pages/viewpage.action?pageId=85954670"
"YFZXJSSL","视像科技研发中心技术沙龙","86547116","76452404","2020年","第13期 PCB板材参数研究","2","7","视像科技研发中心技术沙龙 主页 / 2020年 / 第13期 PCB板材参数研究","其他","2020-04-23 14:30:31","未知用户 (sunliping1)","否","http://dmtks.hisense.com/pages/viewpage.action?pageId=86547116"
"YFZXJSSL","视像科技研发中心技术沙龙","86548964","76452404","2020年","第14期 电视产品整机智能测试平台介绍","2","8","视像科技研发中心技术沙龙 主页 / 2020年 / 第14期 电视产品整机智能测试平台介绍","测试与验证","2020-04-24 13:51:10","未知用户 (sunliping1)","否","http://dmtks.hisense.com/pages/viewpage.action?pageId=86548964"
"YFZXJSSL","视像科技研发中心技术沙龙","87167983","76452404","2020年","第15期 DVB常见认证介绍","2","9","视像科技研发中心技术沙龙 主页 / 2020年 / 第15期 DVB常见认证介绍","培训与知识","2021-04-13 19:40:42","未知用户 (zhuyubing)","否","http://dmtks.hisense.com/pages/viewpage.action?pageId=87167983"
"YFZXJSSL","视像科技研发中心技术沙龙","87169887","76452404","2020年","第16期 广角镜头畸变标定与校正","2","10","视像科技研发中心技术沙龙 主页 / 2020年 / 第16期 广角镜头畸变标定与校正","其他","2020-04-28 13:37:03","未知用户 (sunliping1)","否","http://dmtks.hisense.com/pages/viewpage.action?pageId=87169887"
"YFZXJSSL","视像科技研发中心技术沙龙","87169890","76452404","2020年","第17期 热管知识交流与分享","2","11","视像科技研发中心技术沙龙 主页 / 2020年 / 第17期 热管知识交流与分享","其他","2020-04-28 13:38:06","未知用户 (sunliping1)","否","http://dmtks.hisense.com/pages/viewpage.action?pageId=87169890"
"YFZXJSSL","视像科技研发中心技术沙龙","87173056","76452404","2020年","第18期 过孔散热研究","2","12","视像科技研发中心技术沙龙 主页 / 2020年 / 第18期 过孔散热研究","其他","2020-04-29 16:02:42","未知用户 (sunliping1)","否","http://dmtks.hisense.com/pages/viewpage.action?pageId=87173056"
"YFZXJSSL","视像科技研发中心技术沙龙","87858545","76452404","2020年","第19期 HNR550T项目射频生产方案总结","2","13","视像科技研发中心技术沙龙 主页 / 2020年 / 第19期 HNR550T项目射频生产方案总结","设计与架构","2020-05-09 11:10:25","未知用户 (sunliping1)","否","http://dmtks.hisense.com/pages/viewpage.action?pageId=87858545"
"YFZXJSSL","视像科技研发中心技术沙龙","76452400","76452404","2020年","第1期 90秒100亿技术演进路线","2","14","视像科技研发中心技术沙龙 主页 / 2020年 / 第1期 90秒100亿技术演进路线","其他","2020-01-02 15:17:45","未知用户 (sunliping1)","否","http://dmtks.hisense.com/pages/viewpage.action?pageId=76452400"
"YFZXJSSL","视像科技研发中心技术沙龙","88375540","76452404","2020年","第20期 均温系数（CTS）对手机温度分布的影响","2","15","视像科技研发中心技术沙龙 主页 / 2020年 / 第20期 均温系数（CTS）对手机温度分布的影响","其他","2020-05-11 09:43:42","未知用户 (sunliping1)","否","http://dmtks.hisense.com/pages/viewpage.action?pageId=88375540"
"YFZXJSSL","视像科技研发中心技术沙龙","88380281","76452404","2020年","第21期 高速信号预加重去加重讲解与应用","2","16","视像科技研发中心技术沙龙 主页 / 2020年 / 第21期 高速信号预加重去加重讲解与应用","其他","2020-05-13 17:36:58","未知用户 (sunliping1)","否","http://dmtks.hisense.com/pages/viewpage.action?pageId=88380281"
"YFZXJSSL","视像科技研发中心技术沙龙","88380929","76452404","2020年","第22期 基于DB平台电视自动化测试介绍","2","17","视像科技研发中心技术沙龙 主页 / 2020年 / 第22期 基于DB平台电视自动化测试介绍","测试与验证","2020-05-14 09:34:35","未知用户 (sunliping1)","否","http://dmtks.hisense.com/pages/viewpage.action?pageId=88380929"
"YFZXJSSL","视像科技研发中心技术沙龙","89000119","76452404","2020年","第23期 FPSGO帧率加速技术分享","2","18","视像科技研发中心技术沙龙 主页 / 2020年 / 第23期 FPSGO帧率加速技术分享","其他","2020-05-19 11:24:02","未知用户 (sunliping1)","否","http://dmtks.hisense.com/pages/viewpage.action?pageId=89000119"
"YFZXJSSL","视像科技研发中心技术沙龙","89000124","76452404","2020年","第24期 结构修模费用培训","2","19","视像科技研发中心技术沙龙 主页 / 2020年 / 第24期 结构修模费用培训","培训与知识","2020-05-19 11:24:35","未知用户 (sunliping1)","否","http://dmtks.hisense.com/pages/viewpage.action?pageId=89000124"
"YFZXJSSL","视像科技研发中心技术沙龙","89002765","76452404","2020年","第25期  基于vulkan及angle的图形优化分享","2","20","视像科技研发中心技术沙龙 主页 / 2020年 / 第25期  基于vulkan及angle的图形优化分享","其他","2020-05-21 11:24:45","未知用户 (sunliping1)","否","http://dmtks.hisense.com/pages/viewpage.action?pageId=89002765"
"YFZXJSSL","视像科技研发中心技术沙龙","89002907","76452404","2020年","第26期 散热系统设计","2","21","视像科技研发中心技术沙龙 主页 / 2020年 / 第26期 散热系统设计","设计与架构","2020-12-03 17:08:09","未知用户 (xulianhu)","否","http://dmtks.hisense.com/pages/viewpage.action?pageId=89002907"
"YFZXJSSL","视像科技研发中心技术沙龙","89653585","76452404","2020年","第27期 Dynamic RGB Gamma","2","22","视像科技研发中心技术沙龙 主页 / 2020年 / 第27期 Dynamic RGB Gamma","其他","2020-05-25 09:29:22","未知用户 (sunliping1)","否","http://dmtks.hisense.com/pages/viewpage.action?pageId=89653585"
"YFZXJSSL","视像科技研发中心技术沙龙","89658217","76452404","2020年","第28期 蓝牙遥控自动配对技术","2","23","视像科技研发中心技术沙龙 主页 / 2020年 / 第28期 蓝牙遥控自动配对技术","其他","2020-05-27 15:15:11","未知用户 (sunliping1)","否","http://dmtks.hisense.com/pages/viewpage.action?pageId=89658217"
"YFZXJSSL","视像科技研发中心技术沙龙","89658224","76452404","2020年","第29期 终端功耗技术沙龙","2","24","视像科技研发中心技术沙龙 主页 / 2020年 / 第29期 终端功耗技术沙龙","其他","2020-05-27 16:24:51","未知用户 (sunliping1)","否","http://dmtks.hisense.com/pages/viewpage.action?pageId=89658224"
"YFZXJSSL","视像科技研发中心技术沙龙","77136174","76452404","2020年","第2期 基于Jenkins的自动化测试系统介绍","2","25","视像科技研发中心技术沙龙 主页 / 2020年 / 第2期 基于Jenkins的自动化测试系统介绍","测试与验证","2020-01-06 09:58:50","未知用户 (sunliping1)","否","http://dmtks.hisense.com/pages/viewpage.action?pageId=77136174"
"YFZXJSSL","视像科技研发中心技术沙龙","89658228","76452404","2020年","第30期 电视产品烧录方案设计及制作介绍","2","26","视像科技研发中心技术沙龙 主页 / 2020年 / 第30期 电视产品烧录方案设计及制作介绍","设计与架构","2020-05-27 15:18:41","未知用户 (sunliping1)","否","http://dmtks.hisense.com/pages/viewpage.action?pageId=89658228"
"YFZXJSSL","视像科技研发中心技术沙龙","89658238","76452404","2020年","第31期 画质AI分享","2","27","视像科技研发中心技术沙龙 主页 / 2020年 / 第31期 画质AI分享","其他","2020-05-29 09:19:11","未知用户 (sunliping1)","否","http://dmtks.hisense.com/pages/viewpage.action?pageId=89658238"
"YFZXJSSL","视像科技研发中心技术沙龙","89660279","76452404","2020年","第32期 手机产品对标竞品生产工艺分析","2","28","视像科技研发中心技术沙龙 主页 / 2020年 / 第32期 手机产品对标竞品生产工艺分析","问题与复盘","2020-05-28 16:47:34","未知用户 (sunliping1)","否","http://dmtks.hisense.com/pages/viewpage.action?pageId=89660279"
"YFZXJSSL","视像科技研发中心技术沙龙","90279783","76452404","2020年","第33期 软硬胶设计规范","2","29","视像科技研发中心技术沙龙 主页 / 2020年 / 第33期 软硬胶设计规范","设计与架构","2020-06-02 16:10:08","未知用户 (sunliping1)","否","http://dmtks.hisense.com/pages/viewpage.action?pageId=90279783"
"YFZXJSSL","视像科技研发中心技术沙龙","90281394","76452404","2020年","第34期 光学摄像头模组构成和组装工艺","2","30","视像科技研发中心技术沙龙 主页 / 2020年 / 第34期 光学摄像头模组构成和组装工艺","其他","2020-06-04 15:52:52","未知用户 (sunliping1)","否","http://dmtks.hisense.com/pages/viewpage.action?pageId=90281394"
"YFZXJSSL","视像科技研发中心技术沙龙","90281400","76452404","2020年","第35期 Odin浏览器升级的经验分享","2","31","视像科技研发中心技术沙龙 主页 / 2020年 / 第35期 Odin浏览器升级的经验分享","其他","2020-06-03 15:16:02","未知用户 (sunliping1)","否","http://dmtks.hisense.com/pages/viewpage.action?pageId=90281400"
"YFZXJSSL","视像科技研发中心技术沙龙","90936019","76452404","2020年","第36期 基于MQTT的海外电视自动化测试方法","2","32","视像科技研发中心技术沙龙 主页 / 2020年 / 第36期 基于MQTT的海外电视自动化测试方法","测试与验证","2020-06-10 17:34:28","未知用户 (sunliping1)","否","http://dmtks.hisense.com/pages/viewpage.action?pageId=90936019"
"YFZXJSSL","视像科技研发中心技术沙龙","91624428","76452404","2020年","第37期 SI三部曲之一——阻抗","2","33","视像科技研发中心技术沙龙 主页 / 2020年 / 第37期 SI三部曲之一——阻抗","其他","2020-06-17 16:22:51","未知用户 (sunliping1)","否","http://dmtks.hisense.com/pages/viewpage.action?pageId=91624428"
"YFZXJSSL","视像科技研发中心技术沙龙","91624435","76452404","2020年","第38期 SMT焊接常见失效与可焊性设计","2","34","视像科技研发中心技术沙龙 主页 / 2020年 / 第38期 SMT焊接常见失效与可焊性设计","设计与架构","2020-06-17 16:23:56","未知用户 (sunliping1)","否","http://dmtks.hisense.com/pages/viewpage.action?pageId=91624435"
"YFZXJSSL","视像科技研发中心技术沙龙","91624440","76452404","2020年","第39期 Android双重视界软件功能实现相关分享","2","35","视像科技研发中心技术沙龙 主页 / 2020年 / 第39期 Android双重视界软件功能实现相关分享","其他","2020-06-17 16:24:42","未知用户 (sunliping1)","否","http://dmtks.hisense.com/pages/viewpage.action?pageId=91624440"
"YFZXJSSL","视像科技研发中心技术沙龙","77137180","76452404","2020年","第3期 数字移动终端失效问题案例分析","2","36","视像科技研发中心技术沙龙 主页 / 2020年 / 第3期 数字移动终端失效问题案例分析","问题与复盘","2020-01-07 09:17:15","未知用户 (sunliping1)","否","http://dmtks.hisense.com/pages/viewpage.action?pageId=77137180"
"YFZXJSSL","视像科技研发中心技术沙龙","92277331","76452404","2020年","第40期 AutoGamma调整基础知识讲解","2","37","视像科技研发中心技术沙龙 主页 / 2020年 / 第40期 AutoGamma调整基础知识讲解","其他","2020-06-23 10:09:42","未知用户 (sunliping1)","否","http://dmtks.hisense.com/pages/viewpage.action?pageId=92277331"
"YFZXJSSL","视像科技研发中心技术沙龙","92277336","76452404","2020年","第41期 TCP措施库（结构）培训","2","38","视像科技研发中心技术沙龙 主页 / 2020年 / 第41期 TCP措施库（结构）培训","问题与复盘","2020-06-23 10:11:00","未知用户 (sunliping1)","否","http://dmtks.hisense.com/pages/viewpage.action?pageId=92277336"
"YFZXJSSL","视像科技研发中心技术沙龙","92277342","76452404","2020年","第42期 耳机音质与听感探讨","2","39","视像科技研发中心技术沙龙 主页 / 2020年 / 第42期 耳机音质与听感探讨","其他","2020-06-23 10:11:52","未知用户 (sunliping1)","否","http://dmtks.hisense.com/pages/viewpage.action?pageId=92277342"
"YFZXJSSL","视像科技研发中心技术沙龙","92277347","76452404","2020年","第43期 移动终端稳定性问题分析","2","40","视像科技研发中心技术沙龙 主页 / 2020年 / 第43期 移动终端稳定性问题分析","问题与复盘","2020-06-23 10:12:37","未知用户 (sunliping1)","否","http://dmtks.hisense.com/pages/viewpage.action?pageId=92277347"
"YFZXJSSL","视像科技研发中心技术沙龙","116823065","146968877","视像科技研发中心技术沙龙 主页","2021年","1","4","视像科技研发中心技术沙龙 主页 / 2021年","其他","2021-11-30 09:53:29","况成贤","是","http://dmtks.hisense.com/pages/viewpage.action?pageId=116823065"
"YFZXJSSL","视像科技研发中心技术沙龙","112827824","116823065","2021年","第1期 三星55Q700整机结构拆机分析","2","1","视像科技研发中心技术沙龙 主页 / 2021年 / 第1期 三星55Q700整机结构拆机分析","问题与复盘","2021-02-24 15:02:33","王军","否","http://dmtks.hisense.com/pages/viewpage.action?pageId=112827824"
"YFZXJSSL","视像科技研发中心技术沙龙","113476832","116823065","2021年","第2期 Android终端的camera bring up分享","2","2","视像科技研发中心技术沙龙 主页 / 2021年 / 第2期 Android终端的camera bring up分享","其他","2021-02-24 15:03:16","王军","否","http://dmtks.hisense.com/pages/viewpage.action?pageId=113476832"
"YFZXJSSL","视像科技研发中心技术沙龙","113484945","116823065","2021年","第3期 日本市场音场校正功能的比较分析","2","3","视像科技研发中心技术沙龙 主页 / 2021年 / 第3期 日本市场音场校正功能的比较分析","问题与复盘","2021-02-24 15:03:29","王军","否","http://dmtks.hisense.com/pages/viewpage.action?pageId=113484945"
"YFZXJSSL","视像科技研发中心技术沙龙","114202993","116823065","2021年","第4期  紧凑型Soundbar设计","2","4","视像科技研发中心技术沙龙 主页 / 2021年 / 第4期  紧凑型Soundbar设计","设计与架构","2021-02-24 15:03:42","王军","否","http://dmtks.hisense.com/pages/viewpage.action?pageId=114202993"
"YFZXJSSL","视像科技研发中心技术沙龙","114203888","116823065","2021年","第5期 VIDDA OS 重构介绍与培训","2","5","视像科技研发中心技术沙龙 主页 / 2021年 / 第5期 VIDDA OS 重构介绍与培训","培训与知识","2021-02-24 15:03:54","王军","否","http://dmtks.hisense.com/pages/viewpage.action?pageId=114203888"
"YFZXJSSL","视像科技研发中心技术沙龙","114204154","116823065","2021年","第6期 工装夹具技术​","2","6","视像科技研发中心技术沙龙 主页 / 2021年 / 第6期 工装夹具技术​","其他","2021-02-24 15:04:06","王军","否","http://dmtks.hisense.com/pages/viewpage.action?pageId=114204154"
"YFZXJSSL","视像科技研发中心技术沙龙","114920274","116823065","2021年","第7期 聊天分类简介","2","7","视像科技研发中心技术沙龙 主页 / 2021年 / 第7期 聊天分类简介","其他","2021-02-24 15:04:17","王军","否","http://dmtks.hisense.com/pages/viewpage.action?pageId=114920274"
"YFZXJSSL","视像科技研发中心技术沙龙","116821701","116823065","2021年","第8期 电视摄像头基本构成与设计选型","2","8","视像科技研发中心技术沙龙 主页 / 2021年 / 第8期 电视摄像头基本构成与设计选型","设计与架构","2021-02-24 15:04:35","王军","否","http://dmtks.hisense.com/pages/viewpage.action?pageId=116821701"
"YFZXJSSL","视像科技研发中心技术沙龙","116823109","116823065","2021年","第9期 OpenMax及Linux Render技术介绍","2","9","视像科技研发中心技术沙龙 主页 / 2021年 / 第9期 OpenMax及Linux Render技术介绍","其他","2021-02-24 15:17:03","徐立红/Molly Xu","否","http://dmtks.hisense.com/pages/viewpage.action?pageId=116823109"
"YFZXJSSL","视像科技研发中心技术沙龙","116824135","116823065","2021年","第10期 日本市场动向：用户问卷调查RIC-Research调査结果","2","10","视像科技研发中心技术沙龙 主页 / 2021年 / 第10期 日本市场动向：用户问卷调查RIC-Research调査结果","其他","2021-02-25 10:06:33","王军","否","http://dmtks.hisense.com/pages/viewpage.action?pageId=116824135"
"YFZXJSSL","视像科技研发中心技术沙龙","116824175","116823065","2021年","第11期 Mini-LED和Micro-LED技术介绍","2","11","视像科技研发中心技术沙龙 主页 / 2021年 / 第11期 Mini-LED和Micro-LED技术介绍","其他","2021-02-25 10:22:53","王军","否","http://dmtks.hisense.com/pages/viewpage.action?pageId=116824175"
"YFZXJSSL","视像科技研发中心技术沙龙","118229114","116823065","2021年","第12期 射频EMC相关PCB设计原则及案例分享","2","12","视像科技研发中心技术沙龙 主页 / 2021年 / 第12期 射频EMC相关PCB设计原则及案例分享","设计与架构","2021-03-09 10:02:47","王军","否","http://dmtks.hisense.com/pages/viewpage.action?pageId=118229114"
"YFZXJSSL","视像科技研发中心技术沙龙","118234418","116823065","2021年","第13期 MWC2021技术趋势及手机隔空充电技术","2","13","视像科技研发中心技术沙龙 主页 / 2021年 / 第13期 MWC2021技术趋势及手机隔空充电技术","其他","2021-03-11 14:42:48","未知用户 (zhaohui5)","否","http://dmtks.hisense.com/pages/viewpage.action?pageId=118234418"
"YFZXJSSL","视像科技研发中心技术沙龙","118234977","116823065","2021年","第14期 合金镭雕及氧化研究","2","14","视像科技研发中心技术沙龙 主页 / 2021年 / 第14期 合金镭雕及氧化研究","其他","2021-03-11 16:40:25","王军","否","http://dmtks.hisense.com/pages/viewpage.action?pageId=118234977"
"YFZXJSSL","视像科技研发中心技术沙龙","119705760","116823065","2021年","第15期 WebXR 技术原理及应用","2","15","视像科技研发中心技术沙龙 主页 / 2021年 / 第15期 WebXR 技术原理及应用","其他","2021-03-23 17:53:24","汪超","否","http://dmtks.hisense.com/pages/viewpage.action?pageId=119705760"
"YFZXJSSL","视像科技研发中心技术沙龙","119706655","116823065","2021年","第16期 Camera测试原理简介","2","16","视像科技研发中心技术沙龙 主页 / 2021年 / 第16期 Camera测试原理简介","测试与验证","2021-03-24 10:02:52","未知用户 (wangmaojie)","否","http://dmtks.hisense.com/pages/viewpage.action?pageId=119706655"
"YFZXJSSL","视像科技研发中心技术沙龙","119707485","116823065","2021年","第17期   CCM模组知识介绍","2","17","视像科技研发中心技术沙龙 主页 / 2021年 / 第17期   CCM模组知识介绍","其他","2021-03-24 16:29:29","张术娟","否","http://dmtks.hisense.com/pages/viewpage.action?pageId=119707485"
"YFZXJSSL","视像科技研发中心技术沙龙","120520939","116823065","2021年","第18期 IoT模组的生产测试工艺","2","18","视像科技研发中心技术沙龙 主页 / 2021年 / 第18期 IoT模组的生产测试工艺","测试与验证","2021-03-29 09:27:22","未知用户 (wangmaojie)","否","http://dmtks.hisense.com/pages/viewpage.action?pageId=120520939"
"YFZXJSSL","视像科技研发中心技术沙龙","120521362","116823065","2021年","第19期 AIAQ用的分类推测技术","2","19","视像科技研发中心技术沙龙 主页 / 2021年 / 第19期 AIAQ用的分类推测技术","其他","2021-03-29 11:17:44","王军","否","http://dmtks.hisense.com/pages/viewpage.action?pageId=120521362"
"YFZXJSSL","视像科技研发中心技术沙龙","120521371","116823065","2021年","第20期 运动机构——链传动基础及设计","2","20","视像科技研发中心技术沙龙 主页 / 2021年 / 第20期 运动机构——链传动基础及设计","设计与架构","2021-04-01 10:10:52","未知用户 (liuyanan6)","否","http://dmtks.hisense.com/pages/viewpage.action?pageId=120521371"
"YFZXJSSL","视像科技研发中心技术沙龙","120522963","116823065","2021年","第21期 BML业务介绍","2","21","视像科技研发中心技术沙龙 主页 / 2021年 / 第21期 BML业务介绍","其他","2021-03-29 18:17:36","徐立红/Molly Xu","否","http://dmtks.hisense.com/pages/viewpage.action?pageId=120522963"
"YFZXJSSL","视像科技研发中心技术沙龙","120523721","116823065","2021年","第22期 DDS预研模块培训","2","22","视像科技研发中心技术沙龙 主页 / 2021年 / 第22期 DDS预研模块培训","培训与知识","2021-04-01 10:01:25","王军","否","http://dmtks.hisense.com/pages/viewpage.action?pageId=120523721"
"YFZXJSSL","视像科技研发中心技术沙龙","120527534","116823065","2021年","第23期 风格迁移技术","2","23","视像科技研发中心技术沙龙 主页 / 2021年 / 第23期 风格迁移技术","其他","2021-04-01 09:40:13","王军","否","http://dmtks.hisense.com/pages/viewpage.action?pageId=120527534"
"YFZXJSSL","视像科技研发中心技术沙龙","120527745","116823065","2021年","第24期 2021年AWE展总结","2","24","视像科技研发中心技术沙龙 主页 / 2021年 / 第24期 2021年AWE展总结","其他","2021-04-01 17:09:41","未知用户 (liuyanan6)","否","http://dmtks.hisense.com/pages/viewpage.action?pageId=120527745"
"YFZXJSSL","视像科技研发中心技术沙龙","121835009","116823065","2021年","第25期 华为nova8se手机天线设计方案分析与探讨","2","25","视像科技研发中心技术沙龙 主页 / 2021年 / 第25期 华为nova8se手机天线设计方案分析与探讨","设计与架构","2021-04-13 16:14:42","王军","否","http://dmtks.hisense.com/pages/viewpage.action?pageId=121835009"
"YFZXJSSL","视像科技研发中心技术沙龙","121835555","116823065","2021年","第26期 DVB-T2 Nodig RF认证测试浅析","2","26","视像科技研发中心技术沙龙 主页 / 2021年 / 第26期 DVB-T2 Nodig RF认证测试浅析","测试与验证","2021-04-13 20:04:44","未知用户 (zhuyubing)","否","http://dmtks.hisense.com/pages/viewpage.action?pageId=121835555"
"YFZXJSSL","视像科技研发中心技术沙龙","121837099","116823065","2021年","第27期  LLC拓扑基础","2","27","视像科技研发中心技术沙龙 主页 / 2021年 / 第27期  LLC拓扑基础","其他","2021-04-14 17:57:53","张术娟","否","http://dmtks.hisense.com/pages/viewpage.action?pageId=121837099"
"YFZXJSSL","视像科技研发中心技术沙龙","122490678","116823065","2021年","第28期 Ginga应用","2","28","视像科技研发中心技术沙龙 主页 / 2021年 / 第28期 Ginga应用","其他","2021-04-20 16:03:10","徐立红/Molly Xu","否","http://dmtks.hisense.com/pages/viewpage.action?pageId=122490678"
"YFZXJSSL","视像科技研发中心技术沙龙","122493101","116823065","2021年","第29期 T30方案(MT9980)的防烧屏对策","2","29","视像科技研发中心技术沙龙 主页 / 2021年 / 第29期 T30方案(MT9980)的防烧屏对策","设计与架构","2021-04-22 10:41:16","王军","否","http://dmtks.hisense.com/pages/viewpage.action?pageId=122493101"
"YFZXJSSL","视像科技研发中心技术沙龙","122496797","116823065","2021年","第30期 专利检索、申请和挖掘案例分析及培训","2","30","视像科技研发中心技术沙龙 主页 / 2021年 / 第30期 专利检索、申请和挖掘案例分析及培训","问题与复盘","2021-04-23 18:29:08","曲军伟","否","http://dmtks.hisense.com/pages/viewpage.action?pageId=122496797"
"YFZXJSSL","视像科技研发中心技术沙龙","123241670","116823065","2021年","第31期 电子元器件典型失效案例分享","2","31","视像科技研发中心技术沙龙 主页 / 2021年 / 第31期 电子元器件典型失效案例分享","其他","2021-04-25 14:35:24","未知用户 (wangmaojie)","否","http://dmtks.hisense.com/pages/viewpage.action?pageId=123241670"
"YFZXJSSL","视像科技研发中心技术沙龙","123243988","116823065","2021年","第32期 虚拟现实介绍与测试方法","2","32","视像科技研发中心技术沙龙 主页 / 2021年 / 第32期 虚拟现实介绍与测试方法","测试与验证","2021-04-26 11:55:15","未知用户 (wangyongxian)","否","http://dmtks.hisense.com/pages/viewpage.action?pageId=123243988"
"YFZXJSSL","视像科技研发中心技术沙龙","123245784","116823065","2021年","第33期 SLAM技术概述","2","33","视像科技研发中心技术沙龙 主页 / 2021年 / 第33期 SLAM技术概述","其他","2021-04-27 13:08:01","曾杰","否","http://dmtks.hisense.com/pages/viewpage.action?pageId=123245784"
"YFZXJSSL","视像科技研发中心技术沙龙","123246405","116823065","2021年","第34期 谷歌人脸解锁新框架介绍和失效分析","2","34","视像科技研发中心技术沙龙 主页 / 2021年 / 第34期 谷歌人脸解锁新框架介绍和失效分析","问题与复盘","2021-05-05 19:12:44","未知用户 (zhanghainan)","否","http://dmtks.hisense.com/pages/viewpage.action?pageId=123246405"
"YFZXJSSL","视像科技研发中心技术沙龙","123246739","116823065","2021年","第35期 远场语音技术难点与最新技术进展介绍","2","35","视像科技研发中心技术沙龙 主页 / 2021年 / 第35期 远场语音技术难点与最新技术进展介绍","其他","2021-05-06 14:58:15","王军","否","http://dmtks.hisense.com/pages/viewpage.action?pageId=123246739"
"YFZXJSSL","视像科技研发中心技术沙龙","123247959","116823065","2021年","第36期 面向可持续发展的高分子材料循环再利用（华南理工大学何教授）","2","36","视像科技研发中心技术沙龙 主页 / 2021年 / 第36期 面向可持续发展的高分子材料循环再利用（华南理工大学何教授）","其他","2021-04-28 13:13:48","曲军伟","否","http://dmtks.hisense.com/pages/viewpage.action?pageId=123247959"
"YFZXJSSL","视像科技研发中心技术沙龙","123249077","116823065","2021年","第37期 目标检测综述——自研手势识别算法","2","37","视像科技研发中心技术沙龙 主页 / 2021年 / 第37期 目标检测综述——自研手势识别算法","其他","2021-04-29 18:29:11","岳国华","否","http://dmtks.hisense.com/pages/viewpage.action?pageId=123249077"
"YFZXJSSL","视像科技研发中心技术沙龙","123995798","116823065","2021年","第38期 TV基础音效以及后处理音效介绍","2","38","视像科技研发中心技术沙龙 主页 / 2021年 / 第38期 TV基础音效以及后处理音效介绍","其他","2021-05-06 14:57:24","张术娟","否","http://dmtks.hisense.com/pages/viewpage.action?pageId=123995798"
"YFZXJSSL","视像科技研发中心技术沙龙","125471317","116823065","2021年","第39期 TCL 65C12整机结构拆机分析","2","39","视像科技研发中心技术沙龙 主页 / 2021年 / 第39期 TCL 65C12整机结构拆机分析","问题与复盘","2021-05-18 10:05:45","程静","否","http://dmtks.hisense.com/pages/viewpage.action?pageId=125471317"
"YFZXJSSL","视像科技研发中心技术沙龙","125472839","116823065","2021年","第40期 语音交互中的语音识别和声纹识别技术","2","40","视像科技研发中心技术沙龙 主页 / 2021年 / 第40期 语音交互中的语音识别和声纹识别技术","其他","2021-05-18 18:27:12","王军","否","http://dmtks.hisense.com/pages/viewpage.action?pageId=125472839"
"YFZXJSSL","视像科技研发中心技术沙龙","149300620","146968877","视像科技研发中心技术沙龙 主页","2022年","1","5","视像科技研发中心技术沙龙 主页 / 2022年","其他","2022-12-19 10:53:55","未知用户 (liuzhitang)","是","http://dmtks.hisense.com/pages/viewpage.action?pageId=149300620"
"YFZXJSSL","视像科技研发中心技术沙龙","187809388","149300620","2022年","第100期 计量知识分享","2","1","视像科技研发中心技术沙龙 主页 / 2022年 / 第100期 计量知识分享","其他","2022-11-24 18:01:13","未知用户 (liuzhitang)","否","http://dmtks.hisense.com/pages/viewpage.action?pageId=187809388"
"YFZXJSSL","视像科技研发中心技术沙龙","187813670","149300620","2022年","第101期 TP原理以及开发指导","2","2","视像科技研发中心技术沙龙 主页 / 2022年 / 第101期 TP原理以及开发指导","其他","2022-11-25 14:49:16","未知用户 (zhanlei1)","否","http://dmtks.hisense.com/pages/viewpage.action?pageId=187813670"
"YFZXJSSL","视像科技研发中心技术沙龙","187814286","149300620","2022年","第102期  电视 广播级专业监视器技术分享","2","3","视像科技研发中心技术沙龙 主页 / 2022年 / 第102期  电视 广播级专业监视器技术分享","其他","2022-11-25 15:25:20","庞小东","否","http://dmtks.hisense.com/pages/viewpage.action?pageId=187814286"
"YFZXJSSL","视像科技研发中心技术沙龙","187815135","149300620","2022年","第103期  利用1次元DNN从电视收视数据中检测出广告区间","2","4","视像科技研发中心技术沙龙 主页 / 2022年 / 第103期  利用1次元DNN从电视收视数据中检测出广告区间","数据与质量","2022-11-25 16:44:38","未知用户 (liuzhitang)","否","http://dmtks.hisense.com/pages/viewpage.action?pageId=187815135"
"YFZXJSSL","视像科技研发中心技术沙龙","191278903","149300620","2022年","第104期 显示模组跌落案例和抗跌落设计要素","2","5","视像科技研发中心技术沙龙 主页 / 2022年 / 第104期 显示模组跌落案例和抗跌落设计要素","设计与架构","2022-12-15 11:06:14","未知用户 (gongfusheng)","否","http://dmtks.hisense.com/pages/viewpage.action?pageId=191278903"
"YFZXJSSL","视像科技研发中心技术沙龙","192152888","149300620","2022年","第105期  HGIG与游戏相关的标准","2","6","视像科技研发中心技术沙龙 主页 / 2022年 / 第105期  HGIG与游戏相关的标准","规范与流程","2022-12-19 10:24:01","未知用户 (liuzhitang)","否","http://dmtks.hisense.com/pages/viewpage.action?pageId=192152888"
"YFZXJSSL","视像科技研发中心技术沙龙","192153101","149300620","2022年","第106期  VVC及未来视频标准研究技术介绍","2","7","视像科技研发中心技术沙龙 主页 / 2022年 / 第106期  VVC及未来视频标准研究技术介绍","规范与流程","2022-12-19 10:52:11","未知用户 (liuzhitang)","否","http://dmtks.hisense.com/pages/viewpage.action?pageId=192153101"
"YFZXJSSL","视像科技研发中心技术沙龙","192158677","149300620","2022年","第107期 iphone真机自动化操作介绍","2","8","视像科技研发中心技术沙龙 主页 / 2022年 / 第107期 iphone真机自动化操作介绍","其他","2022-12-21 17:02:30","未知用户 (xiechunhui)","否","http://dmtks.hisense.com/pages/viewpage.action?pageId=192158677"
"YFZXJSSL","视像科技研发中心技术沙龙","154928217","149300620","2022年","第10期 三防机型气密性故障案例分析","2","9","视像科技研发中心技术沙龙 主页 / 2022年 / 第10期 三防机型气密性故障案例分析","问题与复盘","2022-02-21 10:34:24","未知用户 (wangrenbo)","否","http://dmtks.hisense.com/pages/viewpage.action?pageId=154928217"
"YFZXJSSL","视像科技研发中心技术沙龙","154931201","149300620","2022年","第11期 buffer_queue接口介绍与案例分析","2","10","视像科技研发中心技术沙龙 主页 / 2022年 / 第11期 buffer_queue接口介绍与案例分析","设计与架构","2022-02-23 16:47:41","徐立红/Molly Xu","否","http://dmtks.hisense.com/pages/viewpage.action?pageId=154931201"
"YFZXJSSL","视像科技研发中心技术沙龙","154934804","149300620","2022年","第12期 多语言语义理解方案","2","11","视像科技研发中心技术沙龙 主页 / 2022年 / 第12期 多语言语义理解方案","设计与架构","2022-02-23 16:46:37","徐立红/Molly Xu","否","http://dmtks.hisense.com/pages/viewpage.action?pageId=154934804"
"YFZXJSSL","视像科技研发中心技术沙龙","154935147","149300620","2022年","第13期 HDI板设计","2","12","视像科技研发中心技术沙龙 主页 / 2022年 / 第13期 HDI板设计","设计与架构","2022-02-24 09:42:29","刘晨","否","http://dmtks.hisense.com/pages/viewpage.action?pageId=154935147"
"YFZXJSSL","视像科技研发中心技术沙龙","154935469","149300620","2022年","第14期 防水透气膜真水测试方案初步验证分享","2","13","视像科技研发中心技术沙龙 主页 / 2022年 / 第14期 防水透气膜真水测试方案初步验证分享","设计与架构","2022-02-23 20:03:11","未知用户 (wangmaojie)","否","http://dmtks.hisense.com/pages/viewpage.action?pageId=154935469"
"YFZXJSSL","视像科技研发中心技术沙龙","154937193","149300620","2022年","第15期 dvb-dash 协议详解","2","14","视像科技研发中心技术沙龙 主页 / 2022年 / 第15期 dvb-dash 协议详解","其他","2022-02-24 15:29:48","陈耀宗/Yaozong Chen","否","http://dmtks.hisense.com/pages/viewpage.action?pageId=154937193"
"YFZXJSSL","视像科技研发中心技术沙龙","154940959","149300620","2022年","第16期 音场校正系统的商品化安装","2","15","视像科技研发中心技术沙龙 主页 / 2022年 / 第16期 音场校正系统的商品化安装","其他","2022-02-25 15:16:25","未知用户 (liuzhitang)","否","http://dmtks.hisense.com/pages/viewpage.action?pageId=154940959"
"YFZXJSSL","视像科技研发中心技术沙龙","154942686","149300620","2022年","第17期 显示画质量化评价体系","2","16","视像科技研发中心技术沙龙 主页 / 2022年 / 第17期 显示画质量化评价体系","数据与质量","2022-02-28 13:34:04","沈海杰","否","http://dmtks.hisense.com/pages/viewpage.action?pageId=154942686"
"YFZXJSSL","视像科技研发中心技术沙龙","155681247","149300620","2022年","第18期 AI人声分离技术在电视产品的应用","2","17","视像科技研发中心技术沙龙 主页 / 2022年 / 第18期 AI人声分离技术在电视产品的应用","其他","2022-02-28 09:19:34","未知用户 (liuzhitang)","否","http://dmtks.hisense.com/pages/viewpage.action?pageId=155681247"
"YFZXJSSL","视像科技研发中心技术沙龙","157198356","149300620","2022年","第19期 MQTT协议及EMQ X Broker介绍","2","18","视像科技研发中心技术沙龙 主页 / 2022年 / 第19期 MQTT协议及EMQ X Broker介绍","其他","2022-03-17 09:25:35","徐琳琳","否","http://dmtks.hisense.com/pages/viewpage.action?pageId=157198356"
"YFZXJSSL","视像科技研发中心技术沙龙","150741056","149300620","2022年","第1期 抽样检验","2","19","视像科技研发中心技术沙龙 主页 / 2022年 / 第1期 抽样检验","其他","2022-01-14 11:25:02","李怡宁","否","http://dmtks.hisense.com/pages/viewpage.action?pageId=150741056"
"YFZXJSSL","视像科技研发中心技术沙龙","157978339","149300620","2022年","第20期 BK3288蓝牙手表平台","2","20","视像科技研发中心技术沙龙 主页 / 2022年 / 第20期 BK3288蓝牙手表平台","其他","2022-03-21 19:27:11","未知用户 (lixiuyong)","否","http://dmtks.hisense.com/pages/viewpage.action?pageId=157978339"
"YFZXJSSL","视像科技研发中心技术沙龙","157978275","149300620","2022年","第21期 Camera预览循环的原理","2","21","视像科技研发中心技术沙龙 主页 / 2022年 / 第21期 Camera预览循环的原理","其他","2022-03-22 09:25:27","未知用户 (yutao8)","否","http://dmtks.hisense.com/pages/viewpage.action?pageId=157978275"
"YFZXJSSL","视像科技研发中心技术沙龙","157979442","149300620","2022年","第22期 应用锁方案介绍","2","22","视像科技研发中心技术沙龙 主页 / 2022年 / 第22期 应用锁方案介绍","设计与架构","2022-03-22 10:46:26","未知用户 (wujinquan)","否","http://dmtks.hisense.com/pages/viewpage.action?pageId=157979442"
"YFZXJSSL","视像科技研发中心技术沙龙","157983450","149300620","2022年","第23期 装载、链接与库介绍","2","23","视像科技研发中心技术沙龙 主页 / 2022年 / 第23期 装载、链接与库介绍","其他","2022-03-23 16:37:50","未知用户 (wangmaojie)","否","http://dmtks.hisense.com/pages/viewpage.action?pageId=157983450"
"YFZXJSSL","视像科技研发中心技术沙龙","157984852","149300620","2022年","第24期 高等级IPX8防水","2","24","视像科技研发中心技术沙龙 主页 / 2022年 / 第24期 高等级IPX8防水","其他","2022-03-30 18:06:01","未知用户 (lichuanshun)","否","http://dmtks.hisense.com/pages/viewpage.action?pageId=157984852"
"YFZXJSSL","视像科技研发中心技术沙龙","157985667","149300620","2022年","第25期 竞品厂家手机测试流程介绍","2","25","视像科技研发中心技术沙龙 主页 / 2022年 / 第25期 竞品厂家手机测试流程介绍","测试与验证","2022-03-24 11:56:20","未知用户 (wangmaojie)","否","http://dmtks.hisense.com/pages/viewpage.action?pageId=157985667"
"YFZXJSSL","视像科技研发中心技术沙龙","157986287","149300620","2022年","第26期 利用机器学习技术来辨识电视节目中的摄影棚场景","2","26","视像科技研发中心技术沙龙 主页 / 2022年 / 第26期 利用机器学习技术来辨识电视节目中的摄影棚场景","培训与知识","2022-03-24 15:20:20","未知用户 (liupeng30)","否","http://dmtks.hisense.com/pages/viewpage.action?pageId=157986287"
"YFZXJSSL","视像科技研发中心技术沙龙","157990861","149300620","2022年","第27期 浏览器接入聚连会议方案介绍","2","27","视像科技研发中心技术沙龙 主页 / 2022年 / 第27期 浏览器接入聚连会议方案介绍","设计与架构","2022-03-25 17:20:12","未知用户 (haozhengke)","否","http://dmtks.hisense.com/pages/viewpage.action?pageId=157990861"
"YFZXJSSL","视像科技研发中心技术沙龙","158774160","149300620","2022年","第28期 Camera基础知识","2","28","视像科技研发中心技术沙龙 主页 / 2022年 / 第28期 Camera基础知识","其他","2022-03-31 17:59:23","李玥","否","http://dmtks.hisense.com/pages/viewpage.action?pageId=158774160"
"YFZXJSSL","视像科技研发中心技术沙龙","159621695","149300620","2022年","第29期 Micro LED巨量转移技术","2","29","视像科技研发中心技术沙龙 主页 / 2022年 / 第29期 Micro LED巨量转移技术","其他","2022-04-08 10:47:32","未知用户 (zhangtao55)","否","http://dmtks.hisense.com/pages/viewpage.action?pageId=159621695"
"YFZXJSSL","视像科技研发中心技术沙龙","150742381","149300620","2022年","第2期  Perfetto工具基本功能及用法","2","30","视像科技研发中心技术沙龙 主页 / 2022年 / 第2期  Perfetto工具基本功能及用法","其他","2022-01-13 10:50:41","况成贤","否","http://dmtks.hisense.com/pages/viewpage.action?pageId=150742381"
"YFZXJSSL","视像科技研发中心技术沙龙","160373881","149300620","2022年","第30期 穿戴产品50米防水分析","2","31","视像科技研发中心技术沙龙 主页 / 2022年 / 第30期 穿戴产品50米防水分析","问题与复盘","2022-04-12 17:47:54","未知用户 (niuchen1)","否","http://dmtks.hisense.com/pages/viewpage.action?pageId=160373881"
"YFZXJSSL","视像科技研发中心技术沙龙","160376700","149300620","2022年","第31期 BML中AAC音频文件播放原理","2","32","视像科技研发中心技术沙龙 主页 / 2022年 / 第31期 BML中AAC音频文件播放原理","其他","2022-04-13 17:24:47","徐立红/Molly Xu","否","http://dmtks.hisense.com/pages/viewpage.action?pageId=160376700"
"YFZXJSSL","视像科技研发中心技术沙龙","160381317","149300620","2022年","第32期 Optenni lab软件在手机天线和电路设计中的应用","2","33","视像科技研发中心技术沙龙 主页 / 2022年 / 第32期 Optenni lab软件在手机天线和电路设计中的应用","设计与架构","2022-04-15 14:05:05","未知用户 (liuzhitang)","否","http://dmtks.hisense.com/pages/viewpage.action?pageId=160381317"
"YFZXJSSL","视像科技研发中心技术沙龙","160383177","149300620","2022年","第33期 模组结构竞品分析讲解","2","34","视像科技研发中心技术沙龙 主页 / 2022年 / 第33期 模组结构竞品分析讲解","问题与复盘","2022-04-18 11:06:05","刘国昌","否","http://dmtks.hisense.com/pages/viewpage.action?pageId=160383177"
"YFZXJSSL","视像科技研发中心技术沙龙","161519327","149300620","2022年","第34期 自然语言处理-中文分词","2","35","视像科技研发中心技术沙龙 主页 / 2022年 / 第34期 自然语言处理-中文分词","其他","2022-04-19 15:51:59","刘增敏","否","http://dmtks.hisense.com/pages/viewpage.action?pageId=161519327"
"YFZXJSSL","视像科技研发中心技术沙龙","162405318","149300620","2022年","第35期 Camx configure stream 流程分析","2","36","视像科技研发中心技术沙龙 主页 / 2022年 / 第35期 Camx configure stream 流程分析","问题与复盘","2022-04-25 14:31:45","未知用户 (yutao8)","否","http://dmtks.hisense.com/pages/viewpage.action?pageId=162405318"
"YFZXJSSL","视像科技研发中心技术沙龙","162405990","149300620","2022年","第36期 USB协议及Linux USB子系统的实现","2","37","视像科技研发中心技术沙龙 主页 / 2022年 / 第36期 USB协议及Linux USB子系统的实现","其他","2022-04-25 16:32:40","未知用户 (liuzhitang)","否","http://dmtks.hisense.com/pages/viewpage.action?pageId=162405990"
"YFZXJSSL","视像科技研发中心技术沙龙","162407738","149300620","2022年","第37期 JEITA 2021年 AV＆IT产品世界需求动向的调查结果","2","38","视像科技研发中心技术沙龙 主页 / 2022年 / 第37期 JEITA 2021年 AV＆IT产品世界需求动向的调查结果","需求与功能","2022-04-27 18:21:08","未知用户 (liuzhitang)","否","http://dmtks.hisense.com/pages/viewpage.action?pageId=162407738"
"YFZXJSSL","视像科技研发中心技术沙龙","162413550","149300620","2022年","第38期 微投校正服务框架介绍","2","39","视像科技研发中心技术沙龙 主页 / 2022年 / 第38期 微投校正服务框架介绍","其他","2022-04-27 19:28:16","郑晴晴","否","http://dmtks.hisense.com/pages/viewpage.action?pageId=162413550"
"YFZXJSSL","视像科技研发中心技术沙龙","162413561","149300620","2022年","第39期 毫米波雷达相关技术及应用","2","40","视像科技研发中心技术沙龙 主页 / 2022年 / 第39期 毫米波雷达相关技术及应用","其他","2022-04-27 18:57:21","李玥","否","http://dmtks.hisense.com/pages/viewpage.action?pageId=162413561"
"YFZXJSSL","视像科技研发中心技术沙龙","193501715","146968877","视像科技研发中心技术沙龙 主页","2023年","1","6","视像科技研发中心技术沙龙 主页 / 2023年","其他","2023-05-22 16:33:11","未知用户 (liuzhitang)","是","http://dmtks.hisense.com/pages/viewpage.action?pageId=193501715"
"YFZXJSSL","视像科技研发中心技术沙龙","224256303","193501715","2023年","第100期 电子行业热仿真案例分享","2","1","视像科技研发中心技术沙龙 主页 / 2023年 / 第100期 电子行业热仿真案例分享","其他","2023-11-16 16:14:33","未知用户 (liuzhitang)","否","http://dmtks.hisense.com/pages/viewpage.action?pageId=224256303"
"YFZXJSSL","视像科技研发中心技术沙龙","224664558","193501715","2023年","第101期 随机振动下产品包装系统减振优化研究","2","2","视像科技研发中心技术沙龙 主页 / 2023年 / 第101期 随机振动下产品包装系统减振优化研究","其他","2023-11-21 10:32:37","未知用户 (liuzhitang)","否","http://dmtks.hisense.com/pages/viewpage.action?pageId=224664558"
"YFZXJSSL","视像科技研发中心技术沙龙","224670215","193501715","2023年","第102期 电视安全设计","2","3","视像科技研发中心技术沙龙 主页 / 2023年 / 第102期 电视安全设计","设计与架构","2023-11-22 18:20:54","未知用户 (liuzhitang)","否","http://dmtks.hisense.com/pages/viewpage.action?pageId=224670215"
"YFZXJSSL","视像科技研发中心技术沙龙","224680060","193501715","2023年","第103期 活用大型语言模型(LLM)的新功能发想","2","4","视像科技研发中心技术沙龙 主页 / 2023年 / 第103期 活用大型语言模型(LLM)的新功能发想","二维三维与图形模型","2023-11-24 17:44:28","未知用户 (liuzhitang)","否","http://dmtks.hisense.com/pages/viewpage.action?pageId=224680060"
"YFZXJSSL","视像科技研发中心技术沙龙","224667645","193501715","2023年","第104期 音频功放技术介绍","2","5","视像科技研发中心技术沙龙 主页 / 2023年 / 第104期 音频功放技术介绍","其他","2023-11-27 17:39:40","未知用户 (liuzhitang)","否","http://dmtks.hisense.com/pages/viewpage.action?pageId=224667645"
"YFZXJSSL","视像科技研发中心技术沙龙","224662975","193501715","2023年","第105期 常用音效模块介绍","2","6","视像科技研发中心技术沙龙 主页 / 2023年 / 第105期 常用音效模块介绍","其他","2023-11-27 17:39:50","未知用户 (liuzhitang)","否","http://dmtks.hisense.com/pages/viewpage.action?pageId=224662975"
"YFZXJSSL","视像科技研发中心技术沙龙","225153202","193501715","2023年","第106期 金耳朵数据分析与总结","2","7","视像科技研发中心技术沙龙 主页 / 2023年 / 第106期 金耳朵数据分析与总结","问题与复盘","2023-11-30 09:14:19","徐琳琳","否","http://dmtks.hisense.com/pages/viewpage.action?pageId=225153202"
"YFZXJSSL","视像科技研发中心技术沙龙","225865731","193501715","2023年","第107期 NXP公司IoT技术交流","2","8","视像科技研发中心技术沙龙 主页 / 2023年 / 第107期 NXP公司IoT技术交流","其他","2023-12-22 19:38:54","姜元亭","否","http://dmtks.hisense.com/pages/viewpage.action?pageId=225865731"
"YFZXJSSL","视像科技研发中心技术沙龙","226957991","193501715","2023年","第108期 MTSC测试开发大会分享","2","9","视像科技研发中心技术沙龙 主页 / 2023年 / 第108期 MTSC测试开发大会分享","测试与验证","2023-12-14 10:09:02","徐琳琳","否","http://dmtks.hisense.com/pages/viewpage.action?pageId=226957991"
"YFZXJSSL","视像科技研发中心技术沙龙","226967937","193501715","2023年","第109期 元器件基础知识-电解电容","2","10","视像科技研发中心技术沙龙 主页 / 2023年 / 第109期 元器件基础知识-电解电容","其他","2023-12-16 10:05:22","姜元亭","否","http://dmtks.hisense.com/pages/viewpage.action?pageId=226967937"
"YFZXJSSL","视像科技研发中心技术沙龙","199887111","193501715","2023年","第10期 场序彩色液晶显示技术","2","11","视像科技研发中心技术沙龙 主页 / 2023年 / 第10期 场序彩色液晶显示技术","其他","2023-02-20 15:42:53","贺靖伦","否","http://dmtks.hisense.com/pages/viewpage.action?pageId=199887111"
"YFZXJSSL","视像科技研发中心技术沙龙","226974586","193501715","2023年","第110期 检验检测机构资质认定实验室认可内审员","2","12","视像科技研发中心技术沙龙 主页 / 2023年 / 第110期 检验检测机构资质认定实验室认可内审员","测试与验证","2023-12-19 09:32:26","徐琳琳","否","http://dmtks.hisense.com/pages/viewpage.action?pageId=226974586"
"YFZXJSSL","视像科技研发中心技术沙龙","226983778","193501715","2023年","第111期 声学楼十八周年年会转训","2","13","视像科技研发中心技术沙龙 主页 / 2023年 / 第111期 声学楼十八周年年会转训","其他","2023-12-21 19:51:39","姜元亭","否","http://dmtks.hisense.com/pages/viewpage.action?pageId=226983778"
"YFZXJSSL","视像科技研发中心技术沙龙","227449063","193501715","2023年","第112期 TVS对于环境问题的应对策略及情况","2","14","视像科技研发中心技术沙龙 主页 / 2023年 / 第112期 TVS对于环境问题的应对策略及情况","问题与复盘","2023-12-25 13:51:56","未知用户 (liuzhitang)","否","http://dmtks.hisense.com/pages/viewpage.action?pageId=227449063"
"YFZXJSSL","视像科技研发中心技术沙龙","227446806","193501715","2023年","第113期 合见EDA开发工具","2","15","视像科技研发中心技术沙龙 主页 / 2023年 / 第113期 合见EDA开发工具","其他","2023-12-22 19:37:32","未知用户 (liuzhitang)","否","http://dmtks.hisense.com/pages/viewpage.action?pageId=227446806"
"YFZXJSSL","视像科技研发中心技术沙龙","227449080","193501715","2023年","第114期 液晶电视模组亮边问题的一种软件解决方案","2","16","视像科技研发中心技术沙龙 主页 / 2023年 / 第114期 液晶电视模组亮边问题的一种软件解决方案","设计与架构","2023-12-28 14:16:48","赵树斌","否","http://dmtks.hisense.com/pages/viewpage.action?pageId=227449080"
"YFZXJSSL","视像科技研发中心技术沙龙","199893551","193501715","2023年","第11期 TI DCDC 技术研讨会","2","17","视像科技研发中心技术沙龙 主页 / 2023年 / 第11期 TI DCDC 技术研讨会","其他","2023-02-22 15:08:49","未知用户 (liuzhitang)","否","http://dmtks.hisense.com/pages/viewpage.action?pageId=199893551"
"YFZXJSSL","视像科技研发中心技术沙龙","199896740","193501715","2023年","第12期 MTSC测试大会分享（二）","2","18","视像科技研发中心技术沙龙 主页 / 2023年 / 第12期 MTSC测试大会分享（二）","测试与验证","2023-02-23 15:04:53","徐琳琳","否","http://dmtks.hisense.com/pages/viewpage.action?pageId=199896740"
"YFZXJSSL","视像科技研发中心技术沙龙","199902261","193501715","2023年","第13期 系统性能分析与优化通用方法分享","2","19","视像科技研发中心技术沙龙 主页 / 2023年 / 第13期 系统性能分析与优化通用方法分享","问题与复盘","2023-02-25 21:38:00","未知用户 (liuzhitang)","否","http://dmtks.hisense.com/pages/viewpage.action?pageId=199902261"
"YFZXJSSL","视像科技研发中心技术沙龙","199902391","193501715","2023年","第14期  音场校正（22年产品研发与第2期的开发）","2","20","视像科技研发中心技术沙龙 主页 / 2023年 / 第14期  音场校正（22年产品研发与第2期的开发）","其他","2023-03-06 16:08:00","未知用户 (liuzhitang)","否","http://dmtks.hisense.com/pages/viewpage.action?pageId=199902391"
"YFZXJSSL","视像科技研发中心技术沙龙","201052997","193501715","2023年","第15期 《一种系统的调音方法 —— 基于75U8H项目调音经验分享》","2","21","视像科技研发中心技术沙龙 主页 / 2023年 / 第15期 《一种系统的调音方法 —— 基于75U8H项目调音经验分享》","项目管理","2023-03-06 16:08:10","未知用户 (liuzhitang)","否","http://dmtks.hisense.com/pages/viewpage.action?pageId=201052997"
"YFZXJSSL","视像科技研发中心技术沙龙","202771148","193501715","2023年","第16期 《Mini LED 印刷工艺制程》","2","22","视像科技研发中心技术沙龙 主页 / 2023年 / 第16期 《Mini LED 印刷工艺制程》","其他","2023-04-06 14:45:17","未知用户 (liuzhitang)","否","http://dmtks.hisense.com/pages/viewpage.action?pageId=202771148"
"YFZXJSSL","视像科技研发中心技术沙龙","203820906","193501715","2023年","第17期 《电视整机CAE仿真建模规范及经验分享》","2","23","视像科技研发中心技术沙龙 主页 / 2023年 / 第17期 《电视整机CAE仿真建模规范及经验分享》","二维三维与图形模型","2023-04-06 14:45:25","未知用户 (liuzhitang)","否","http://dmtks.hisense.com/pages/viewpage.action?pageId=203820906"
"YFZXJSSL","视像科技研发中心技术沙龙","204736975","193501715","2023年","第18期 《华源公司当前AM驱动应用问题分享以及后续芯片规划和发展展望》","2","24","视像科技研发中心技术沙龙 主页 / 2023年 / 第18期 《华源公司当前AM驱动应用问题分享以及后续芯片规划和发展展望》","问题与复盘","2023-04-06 14:45:37","未知用户 (liuzhitang)","否","http://dmtks.hisense.com/pages/viewpage.action?pageId=204736975"
"YFZXJSSL","视像科技研发中心技术沙龙","204740759","193501715","2023年","第19期 《面板驱动技术简介》","2","25","视像科技研发中心技术沙龙 主页 / 2023年 / 第19期 《面板驱动技术简介》","其他","2023-04-06 14:45:47","未知用户 (liuzhitang)","否","http://dmtks.hisense.com/pages/viewpage.action?pageId=204740759"
"YFZXJSSL","视像科技研发中心技术沙龙","195235584","193501715","2023年","第1期  MTSC测试大会专题分享（一）","2","26","视像科技研发中心技术沙龙 主页 / 2023年 / 第1期  MTSC测试大会专题分享（一）","测试与验证","2023-01-16 18:54:51","徐琳琳","否","http://dmtks.hisense.com/pages/viewpage.action?pageId=195235584"
"YFZXJSSL","视像科技研发中心技术沙龙","204741647","193501715","2023年","第20期 测试技术专利分享","2","27","视像科技研发中心技术沙龙 主页 / 2023年 / 第20期 测试技术专利分享","测试与验证","2023-04-06 14:45:54","未知用户 (liuzhitang)","否","http://dmtks.hisense.com/pages/viewpage.action?pageId=204741647"
"YFZXJSSL","视像科技研发中心技术沙龙","205688829","193501715","2023年","第21期 AI网络场景的高画质研究","2","28","视像科技研发中心技术沙龙 主页 / 2023年 / 第21期 AI网络场景的高画质研究","其他","2023-04-06 14:46:02","未知用户 (liuzhitang)","否","http://dmtks.hisense.com/pages/viewpage.action?pageId=205688829"
"YFZXJSSL","视像科技研发中心技术沙龙","205689860","193501715","2023年","第22期 预研-五米水深防水技术研究","2","29","视像科技研发中心技术沙龙 主页 / 2023年 / 第22期 预研-五米水深防水技术研究","其他","2023-04-06 14:46:10","未知用户 (liuzhitang)","否","http://dmtks.hisense.com/pages/viewpage.action?pageId=205689860"
"YFZXJSSL","视像科技研发中心技术沙龙","205697076","193501715","2023年","第23期 模组结构TCP与竞品信息分享","2","30","视像科技研发中心技术沙龙 主页 / 2023年 / 第23期 模组结构TCP与竞品信息分享","其他","2023-04-06 14:46:18","未知用户 (liuzhitang)","否","http://dmtks.hisense.com/pages/viewpage.action?pageId=205697076"
"YFZXJSSL","视像科技研发中心技术沙龙","205696161","193501715","2023年","第24期 ATSC 3.0 新技术介绍","2","31","视像科技研发中心技术沙龙 主页 / 2023年 / 第24期 ATSC 3.0 新技术介绍","其他","2023-04-06 14:46:28","未知用户 (liuzhitang)","否","http://dmtks.hisense.com/pages/viewpage.action?pageId=205696161"
"YFZXJSSL","视像科技研发中心技术沙龙","208220034","193501715","2023年","第25期 2023 ISEAT培训","2","32","视像科技研发中心技术沙龙 主页 / 2023年 / 第25期 2023 ISEAT培训","培训与知识","2023-04-13 12:13:38","徐琳琳","否","http://dmtks.hisense.com/pages/viewpage.action?pageId=208220034"
"YFZXJSSL","视像科技研发中心技术沙龙","208221310","193501715","2023年","第26期 Micro LED微显示产业拓展-技术培训","2","33","视像科技研发中心技术沙龙 主页 / 2023年 / 第26期 Micro LED微显示产业拓展-技术培训","培训与知识","2023-04-13 18:35:25","任丽美","否","http://dmtks.hisense.com/pages/viewpage.action?pageId=208221310"
"YFZXJSSL","视像科技研发中心技术沙龙","209095396","193501715","2023年","第27期 智能感知传感技术发展趋势及在电视中的应用","2","34","视像科技研发中心技术沙龙 主页 / 2023年 / 第27期 智能感知传感技术发展趋势及在电视中的应用","其他","2023-04-17 17:11:05","王宏斌","否","http://dmtks.hisense.com/pages/viewpage.action?pageId=209095396"
"YFZXJSSL","视像科技研发中心技术沙龙","209096380","193501715","2023年","第28期 毫米波雷达的应用","2","35","视像科技研发中心技术沙龙 主页 / 2023年 / 第28期 毫米波雷达的应用","其他","2023-04-19 18:04:16","未知用户 (liuzhitang)","否","http://dmtks.hisense.com/pages/viewpage.action?pageId=209096380"
"YFZXJSSL","视像科技研发中心技术沙龙","211094850","193501715","2023年","第29期《光学膜片》分享","2","36","视像科技研发中心技术沙龙 主页 / 2023年 / 第29期《光学膜片》分享","其他","2023-04-27 20:05:52","未知用户 (liuzhitang)","否","http://dmtks.hisense.com/pages/viewpage.action?pageId=211094850"
"YFZXJSSL","视像科技研发中心技术沙龙","195237287","193501715","2023年","第2期  DMP动态缩略图前端实现技术","2","37","视像科技研发中心技术沙龙 主页 / 2023年 / 第2期  DMP动态缩略图前端实现技术","其他","2023-01-17 10:11:47","徐立红/Molly Xu","否","http://dmtks.hisense.com/pages/viewpage.action?pageId=195237287"
"YFZXJSSL","视像科技研发中心技术沙龙","211095346","193501715","2023年","第30期《背光驱动应用》分享","2","38","视像科技研发中心技术沙龙 主页 / 2023年 / 第30期《背光驱动应用》分享","其他","2023-04-27 20:42:36","沈海杰","否","http://dmtks.hisense.com/pages/viewpage.action?pageId=211095346"
"YFZXJSSL","视像科技研发中心技术沙龙","213421660","193501715","2023年","第31期《2023年AWE竞品外观结构趋势分析》分享","2","39","视像科技研发中心技术沙龙 主页 / 2023年 / 第31期《2023年AWE竞品外观结构趋势分析》分享","问题与复盘","2023-05-08 17:24:18","房晓勇","否","http://dmtks.hisense.com/pages/viewpage.action?pageId=213421660"
"YFZXJSSL","视像科技研发中心技术沙龙","213422747","193501715","2023年","第32期《Tuner芯片行业信息及案例分析》","2","40","视像科技研发中心技术沙龙 主页 / 2023年 / 第32期《Tuner芯片行业信息及案例分析》","问题与复盘","2023-05-09 13:53:16","姜元亭","否","http://dmtks.hisense.com/pages/viewpage.action?pageId=213422747"
"YFZXJSSL","视像科技研发中心技术沙龙","227846024","146968877","视像科技研发中心技术沙龙 主页","2024年","1","7","视像科技研发中心技术沙龙 主页 / 2024年","其他","2024-03-24 14:33:56","未知用户 (liuzhitang)","是","http://dmtks.hisense.com/pages/viewpage.action?pageId=227846024"
"YFZXJSSL","视像科技研发中心技术沙龙","230141694","227846024","2024年","第10期 PCB降层设计指南","2","1","视像科技研发中心技术沙龙 主页 / 2024年 / 第10期 PCB降层设计指南","设计与架构","2024-02-27 10:37:54","李兆琳","否","http://dmtks.hisense.com/pages/viewpage.action?pageId=230141694"
"YFZXJSSL","视像科技研发中心技术沙龙","230147959","227846024","2024年","第11期 AI场景适应高画质研究","2","2","视像科技研发中心技术沙龙 主页 / 2024年 / 第11期 AI场景适应高画质研究","其他","2024-02-29 09:39:47","未知用户 (liuzhitang)","否","http://dmtks.hisense.com/pages/viewpage.action?pageId=230147959"
"YFZXJSSL","视像科技研发中心技术沙龙","230145483","227846024","2024年","第12期 TXC晶振厂家技术交流培训","2","3","视像科技研发中心技术沙龙 主页 / 2024年 / 第12期 TXC晶振厂家技术交流培训","培训与知识","2024-02-28 17:22:00","姜元亭","否","http://dmtks.hisense.com/pages/viewpage.action?pageId=230145483"
"YFZXJSSL","视像科技研发中心技术沙龙","230147976","227846024","2024年","第13期 光学透镜介绍","2","4","视像科技研发中心技术沙龙 主页 / 2024年 / 第13期 光学透镜介绍","其他","2024-02-27 18:28:20","未知用户 (liuzhitang)","否","http://dmtks.hisense.com/pages/viewpage.action?pageId=230147976"
"YFZXJSSL","视像科技研发中心技术沙龙","230147995","227846024","2024年","第14期 Android TIAF架构介绍和应用","2","5","视像科技研发中心技术沙龙 主页 / 2024年 / 第14期 Android TIAF架构介绍和应用","设计与架构","2024-02-28 17:29:32","吴金旺","否","http://dmtks.hisense.com/pages/viewpage.action?pageId=230147995"
"YFZXJSSL","视像科技研发中心技术沙龙","230152614","227846024","2024年","第15期 WIFI无线干扰案例分享","2","6","视像科技研发中心技术沙龙 主页 / 2024年 / 第15期 WIFI无线干扰案例分享","其他","2024-02-29 10:14:37","李兆琳","否","http://dmtks.hisense.com/pages/viewpage.action?pageId=230152614"
"YFZXJSSL","视像科技研发中心技术沙龙","230161741","227846024","2024年","第16期 Agent技术与应用","2","7","视像科技研发中心技术沙龙 主页 / 2024年 / 第16期 Agent技术与应用","其他","2024-03-06 17:56:10","岳文浩","否","http://dmtks.hisense.com/pages/viewpage.action?pageId=230161741"
"YFZXJSSL","视像科技研发中心技术沙龙","231028347","227846024","2024年","第17期 从华为灵犀遥控看指向控制技术","2","8","视像科技研发中心技术沙龙 主页 / 2024年 / 第17期 从华为灵犀遥控看指向控制技术","其他","2024-03-08 21:41:05","张焕斌","否","http://dmtks.hisense.com/pages/viewpage.action?pageId=231028347"
"YFZXJSSL","视像科技研发中心技术沙龙","231035314","227846024","2024年","第18期 UWB空指遥控方案介绍及演示","2","9","视像科技研发中心技术沙龙 主页 / 2024年 / 第18期 UWB空指遥控方案介绍及演示","设计与架构","2024-03-07 19:54:10","姜元亭","否","http://dmtks.hisense.com/pages/viewpage.action?pageId=231035314"
"YFZXJSSL","视像科技研发中心技术沙龙","231383157","227846024","2024年","第19期 英飞凌GaN、MOS技术交流","2","10","视像科技研发中心技术沙龙 主页 / 2024年 / 第19期 英飞凌GaN、MOS技术交流","其他","2024-03-13 16:22:51","姜元亭","否","http://dmtks.hisense.com/pages/viewpage.action?pageId=231383157"
"YFZXJSSL","视像科技研发中心技术沙龙","227846047","227846024","2024年","第1期 非接触测温解决方案","2","11","视像科技研发中心技术沙龙 主页 / 2024年 / 第1期 非接触测温解决方案","设计与架构","2024-01-03 18:37:10","姜元亭","否","http://dmtks.hisense.com/pages/viewpage.action?pageId=227846047"
"YFZXJSSL","视像科技研发中心技术沙龙","231406224","227846024","2024年","第20期 液晶特性与面板拖尾拖色技术交流","2","12","视像科技研发中心技术沙龙 主页 / 2024年 / 第20期 液晶特性与面板拖尾拖色技术交流","其他","2024-03-19 14:32:05","未知用户 (liuzhitang)","否","http://dmtks.hisense.com/pages/viewpage.action?pageId=231406224"
"YFZXJSSL","视像科技研发中心技术沙龙","231845925","227846024","2024年","第21期  仿真技术交流--《一个CAE工程师的角色来介绍AI》","2","13","视像科技研发中心技术沙龙 主页 / 2024年 / 第21期  仿真技术交流--《一个CAE工程师的角色来介绍AI》","其他","2024-03-21 18:23:28","洪澎波","否","http://dmtks.hisense.com/pages/viewpage.action?pageId=231845925"
"YFZXJSSL","视像科技研发中心技术沙龙","231403784","227846024","2024年","第22期  仿真技术交流-力学仿真V1.0","2","14","视像科技研发中心技术沙龙 主页 / 2024年 / 第22期  仿真技术交流-力学仿真V1.0","其他","2024-03-21 17:52:39","洪澎波","否","http://dmtks.hisense.com/pages/viewpage.action?pageId=231403784"
"YFZXJSSL","视像科技研发中心技术沙龙","231856167","227846024","2024年","第23期 传感器技术与原理","2","15","视像科技研发中心技术沙龙 主页 / 2024年 / 第23期 传感器技术与原理","其他","2024-03-25 15:28:08","姜元亭","否","http://dmtks.hisense.com/pages/viewpage.action?pageId=231856167"
"YFZXJSSL","视像科技研发中心技术沙龙","231857090","227846024","2024年","第24期 MOS技术及发展趋势","2","16","视像科技研发中心技术沙龙 主页 / 2024年 / 第24期 MOS技术及发展趋势","其他","2024-03-27 11:33:19","姜元亭","否","http://dmtks.hisense.com/pages/viewpage.action?pageId=231857090"
"YFZXJSSL","视像科技研发中心技术沙龙","231854246","227846024","2024年","第25期   Kali(HV8107)的新画质功能:Local Dimming Peaking Technology","2","17","视像科技研发中心技术沙龙 主页 / 2024年 / 第25期   Kali(HV8107)的新画质功能:Local Dimming Peaking Technology","其他","2024-03-25 16:03:04","姜元亭","否","http://dmtks.hisense.com/pages/viewpage.action?pageId=231854246"
"YFZXJSSL","视像科技研发中心技术沙龙","231860722","227846024","2024年","第26期  VR浏览器实现原理","2","18","视像科技研发中心技术沙龙 主页 / 2024年 / 第26期  VR浏览器实现原理","其他","2024-03-26 13:44:30","汪超","否","http://dmtks.hisense.com/pages/viewpage.action?pageId=231860722"
"YFZXJSSL","视像科技研发中心技术沙龙","232229547","227846024","2024年","第27期 目标检测算法介绍","2","19","视像科技研发中心技术沙龙 主页 / 2024年 / 第27期 目标检测算法介绍","其他","2024-03-27 18:55:36","徐琳琳","否","http://dmtks.hisense.com/pages/viewpage.action?pageId=232229547"
"YFZXJSSL","视像科技研发中心技术沙龙","232232073","227846024","2024年","第28期 微能量采集技术发展趋势介绍","2","20","视像科技研发中心技术沙龙 主页 / 2024年 / 第28期 微能量采集技术发展趋势介绍","其他","2024-03-29 17:24:02","刘思波","否","http://dmtks.hisense.com/pages/viewpage.action?pageId=232232073"
"YFZXJSSL","视像科技研发中心技术沙龙","232245433","227846024","2024年","第29期 2024AWE音画测试板块分享","2","21","视像科技研发中心技术沙龙 主页 / 2024年 / 第29期 2024AWE音画测试板块分享","测试与验证","2024-04-01 16:52:31","王浩浩","否","http://dmtks.hisense.com/pages/viewpage.action?pageId=232245433"
"YFZXJSSL","视像科技研发中心技术沙龙","227849380","227846024","2024年","第2期 胶黏剂相关成分分析及结构鉴定技术","2","22","视像科技研发中心技术沙龙 主页 / 2024年 / 第2期 胶黏剂相关成分分析及结构鉴定技术","问题与复盘","2024-01-08 19:44:21","陈宇","否","http://dmtks.hisense.com/pages/viewpage.action?pageId=227849380"
"YFZXJSSL","视像科技研发中心技术沙龙","232250794","227846024","2024年","第30期 后壳气辅技术及变壁厚设计技术培训","2","23","视像科技研发中心技术沙龙 主页 / 2024年 / 第30期 后壳气辅技术及变壁厚设计技术培训","设计与架构","2024-04-02 09:49:14","未知用户 (liuzhitang)","否","http://dmtks.hisense.com/pages/viewpage.action?pageId=232250794"
"YFZXJSSL","视像科技研发中心技术沙龙","232256052","227846024","2024年","第31期 IOT模组嵌入式系统Matter协议的开发技术培训","2","24","视像科技研发中心技术沙龙 主页 / 2024年 / 第31期 IOT模组嵌入式系统Matter协议的开发技术培训","培训与知识","2024-04-07 11:39:20","李亚栋","否","http://dmtks.hisense.com/pages/viewpage.action?pageId=232256052"
"YFZXJSSL","视像科技研发中心技术沙龙","232590430","227846024","2024年","第32期 德莎胶带技术交流会","2","25","视像科技研发中心技术沙龙 主页 / 2024年 / 第32期 德莎胶带技术交流会","其他","2024-04-07 11:04:19","未知用户 (yaoyuli)","否","http://dmtks.hisense.com/pages/viewpage.action?pageId=232590430"
"YFZXJSSL","视像科技研发中心技术沙龙","232987926","227846024","2024年","第33期 艾为中大功率音频功放技术交流","2","26","视像科技研发中心技术沙龙 主页 / 2024年 / 第33期 艾为中大功率音频功放技术交流","其他","2024-04-16 18:49:05","姜元亭","否","http://dmtks.hisense.com/pages/viewpage.action?pageId=232987926"
"YFZXJSSL","视像科技研发中心技术沙龙","232988799","227846024","2024年","第34期 AI大模型测试代码生成分享","2","27","视像科技研发中心技术沙龙 主页 / 2024年 / 第34期 AI大模型测试代码生成分享","二维三维与图形模型","2024-04-17 10:08:34","未知用户 (liuzhitang)","否","http://dmtks.hisense.com/pages/viewpage.action?pageId=232988799"
"YFZXJSSL","视像科技研发中心技术沙龙","232988003","227846024","2024年","第35期 TI毫米波雷达介绍","2","28","视像科技研发中心技术沙龙 主页 / 2024年 / 第35期 TI毫米波雷达介绍","其他","2024-04-17 10:08:43","未知用户 (liuzhitang)","否","http://dmtks.hisense.com/pages/viewpage.action?pageId=232988003"
"YFZXJSSL","视像科技研发中心技术沙龙","233004805","227846024","2024年","第36期 JEITA AV&IT机器世界各地需求动向","2","29","视像科技研发中心技术沙龙 主页 / 2024年 / 第36期 JEITA AV&IT机器世界各地需求动向","需求与功能","2024-04-23 10:21:02","未知用户 (liuzhitang)","否","http://dmtks.hisense.com/pages/viewpage.action?pageId=233004805"
"YFZXJSSL","视像科技研发中心技术沙龙","232988820","227846024","2024年","第37期 大模型在pcb板热设计的应用","2","30","视像科技研发中心技术沙龙 主页 / 2024年 / 第37期 大模型在pcb板热设计的应用","二维三维与图形模型","2024-05-06 15:47:21","未知用户 (liuzhitang)","否","http://dmtks.hisense.com/pages/viewpage.action?pageId=232988820"
"YFZXJSSL","视像科技研发中心技术沙龙","234500701","227846024","2024年","第38期  超薄local dimming 电视DC/DC方案","2","31","视像科技研发中心技术沙龙 主页 / 2024年 / 第38期  超薄local dimming 电视DC/DC方案","设计与架构","2024-04-23 15:28:01","姜元亭","否","http://dmtks.hisense.com/pages/viewpage.action?pageId=234500701"
"YFZXJSSL","视像科技研发中心技术沙龙","236721980","227846024","2024年","第39期 竞品机结构拆机信息分享","2","32","视像科技研发中心技术沙龙 主页 / 2024年 / 第39期 竞品机结构拆机信息分享","其他","2024-04-29 10:21:47","车宪香","否","http://dmtks.hisense.com/pages/viewpage.action?pageId=236721980"
"YFZXJSSL","视像科技研发中心技术沙龙","227864423","227846024","2024年","第3期 信智平台AI训练模型介绍","2","33","视像科技研发中心技术沙龙 主页 / 2024年 / 第3期 信智平台AI训练模型介绍","二维三维与图形模型","2024-01-09 17:21:47","未知用户 (liuzhitang)","否","http://dmtks.hisense.com/pages/viewpage.action?pageId=227864423"
"YFZXJSSL","视像科技研发中心技术沙龙","234500515","227846024","2024年","第40期 阵列功放音效增强算法技术","2","34","视像科技研发中心技术沙龙 主页 / 2024年 / 第40期 阵列功放音效增强算法技术","其他","2024-05-06 15:47:58","未知用户 (liuzhitang)","否","http://dmtks.hisense.com/pages/viewpage.action?pageId=234500515"
"YFZXJSSL","视像科技研发中心技术沙龙","236739567","227846024","2024年","第41期 灯效产品及技术交流","2","35","视像科技研发中心技术沙龙 主页 / 2024年 / 第41期 灯效产品及技术交流","其他","2024-05-07 13:34:36","未知用户 (liuzhitang)","否","http://dmtks.hisense.com/pages/viewpage.action?pageId=236739567"
"YFZXJSSL","视像科技研发中心技术沙龙","236747580","227846024","2024年","第42期 电视SOC及产品路线介绍","2","36","视像科技研发中心技术沙龙 主页 / 2024年 / 第42期 电视SOC及产品路线介绍","其他","2024-05-09 19:42:34","姜元亭","否","http://dmtks.hisense.com/pages/viewpage.action?pageId=236747580"
"YFZXJSSL","视像科技研发中心技术沙龙","238847159","227846024","2024年","第43期 大模型RAG技术与应用平台","2","37","视像科技研发中心技术沙龙 主页 / 2024年 / 第43期 大模型RAG技术与应用平台","二维三维与图形模型","2024-05-11 15:11:29","殷腾龙","否","http://dmtks.hisense.com/pages/viewpage.action?pageId=238847159"
"YFZXJSSL","视像科技研发中心技术沙龙","238869807","227846024","2024年","第44期 国际橡塑展展会总结及分享","2","38","视像科技研发中心技术沙龙 主页 / 2024年 / 第44期 国际橡塑展展会总结及分享","其他","2024-05-14 17:02:49","未知用户 (renyufei1)","否","http://dmtks.hisense.com/pages/viewpage.action?pageId=238869807"
"YFZXJSSL","视像科技研发中心技术沙龙","238872790","227846024","2024年","第45期 FPGA开发流程及在电视中的应用","2","39","视像科技研发中心技术沙龙 主页 / 2024年 / 第45期 FPGA开发流程及在电视中的应用","规范与流程","2024-05-15 14:30:05","姜元亭","否","http://dmtks.hisense.com/pages/viewpage.action?pageId=238872790"
"YFZXJSSL","视像科技研发中心技术沙龙","240778560","227846024","2024年","第46期 PCB制作技术及工艺","2","40","视像科技研发中心技术沙龙 主页 / 2024年 / 第46期 PCB制作技术及工艺","其他","2024-05-28 09:09:47","姜元亭","否","http://dmtks.hisense.com/pages/viewpage.action?pageId=240778560"
"YFZXJSSL","视像科技研发中心技术沙龙","285372389","146968877","视像科技研发中心技术沙龙 主页","2025年","1","8","视像科技研发中心技术沙龙 主页 / 2025年","其他","2025-01-06 16:38:48","潘天娓","是","http://dmtks.hisense.com/pages/viewpage.action?pageId=285372389"
"YFZXJSSL","视像科技研发中心技术沙龙","291491521","285372389","2025年","第10期 星海大模型能力平台培训","2","1","视像科技研发中心技术沙龙 主页 / 2025年 / 第10期 星海大模型能力平台培训","二维三维与图形模型","2025-02-28 13:36:45","王志刚","否","http://dmtks.hisense.com/pages/viewpage.action?pageId=291491521"
"YFZXJSSL","视像科技研发中心技术沙龙","291492260","285372389","2025年","第11期  低成本大后壳相关分享","2","2","视像科技研发中心技术沙龙 主页 / 2025年 / 第11期  低成本大后壳相关分享","其他","2025-02-27 10:36:36","潘天娓","否","http://dmtks.hisense.com/pages/viewpage.action?pageId=291492260"
"YFZXJSSL","视像科技研发中心技术沙龙","294149786","285372389","2025年","第12期  紧跟DeepSeek学习热潮：携手incoPat解锁专利检索AI应用","2","3","视像科技研发中心技术沙龙 主页 / 2025年 / 第12期  紧跟DeepSeek学习热潮：携手incoPat解锁专利检索AI应用","培训与知识","2025-03-13 15:36:56","潘天娓","否","http://dmtks.hisense.com/pages/viewpage.action?pageId=294149786"
"YFZXJSSL","视像科技研发中心技术沙龙","294912033","285372389","2025年","第13期 AI大模型测试应用场景分享","2","4","视像科技研发中心技术沙龙 主页 / 2025年 / 第13期 AI大模型测试应用场景分享","二维三维与图形模型","2025-03-12 16:33:25","徐琳琳","否","http://dmtks.hisense.com/pages/viewpage.action?pageId=294912033"
"YFZXJSSL","视像科技研发中心技术沙龙","295879598","285372389","2025年","第14期 TV 3.0标准解读","2","5","视像科技研发中心技术沙龙 主页 / 2025年 / 第14期 TV 3.0标准解读","规范与流程","2025-03-27 09:05:38","潘天娓","否","http://dmtks.hisense.com/pages/viewpage.action?pageId=295879598"
"YFZXJSSL","视像科技研发中心技术沙龙","294918940","285372389","2025年","第15期  超薄端子行业趋势及设计雷区","2","6","视像科技研发中心技术沙龙 主页 / 2025年 / 第15期  超薄端子行业趋势及设计雷区","设计与架构","2025-03-25 17:43:35","潘天娓","否","http://dmtks.hisense.com/pages/viewpage.action?pageId=294918940"
"YFZXJSSL","视像科技研发中心技术沙龙","295889137","285372389","2025年","第16期 AWE2025观展总结-显示新技术相关分享","2","7","视像科技研发中心技术沙龙 主页 / 2025年 / 第16期 AWE2025观展总结-显示新技术相关分享","其他","2025-03-28 16:03:34","潘天娓","否","http://dmtks.hisense.com/pages/viewpage.action?pageId=295889137"
"YFZXJSSL","视像科技研发中心技术沙龙","295879635","285372389","2025年","第17期 8107的高画质功能--改善显示色差的校准","2","8","视像科技研发中心技术沙龙 主页 / 2025年 / 第17期 8107的高画质功能--改善显示色差的校准","其他","2025-03-27 13:34:30","潘天娓","否","http://dmtks.hisense.com/pages/viewpage.action?pageId=295879635"
"YFZXJSSL","视像科技研发中心技术沙龙","295888216","285372389","2025年","第18期 2025AWE外观结构相关分享","2","9","视像科技研发中心技术沙龙 主页 / 2025年 / 第18期 2025AWE外观结构相关分享","其他","2025-03-30 19:44:14","潘天娓","否","http://dmtks.hisense.com/pages/viewpage.action?pageId=295888216"
"YFZXJSSL","视像科技研发中心技术沙龙","295884279","285372389","2025年","第19期 纸箱抗压强度原理及衰减分析","2","10","视像科技研发中心技术沙龙 主页 / 2025年 / 第19期 纸箱抗压强度原理及衰减分析","问题与复盘","2025-03-28 14:59:17","潘天娓","否","http://dmtks.hisense.com/pages/viewpage.action?pageId=295884279"
"YFZXJSSL","视像科技研发中心技术沙龙","285372396","285372389","2025年","第1期 《网络性能提升方案技术洞察分享》","2","11","视像科技研发中心技术沙龙 主页 / 2025年 / 第1期 《网络性能提升方案技术洞察分享》","设计与架构","2025-01-06 16:44:13","潘天娓","否","http://dmtks.hisense.com/pages/viewpage.action?pageId=285372396"
"YFZXJSSL","视像科技研发中心技术沙龙","295887239","285372389","2025年","第20期 DeepSeek V3/R1技术简介","2","12","视像科技研发中心技术沙龙 主页 / 2025年 / 第20期 DeepSeek V3/R1技术简介","其他","2025-03-31 13:01:37","潘天娓","否","http://dmtks.hisense.com/pages/viewpage.action?pageId=295887239"
"YFZXJSSL","视像科技研发中心技术沙龙","297485932","285372389","2025年","第21期 GB4343.1标准换版差异解读","2","13","视像科技研发中心技术沙龙 主页 / 2025年 / 第21期 GB4343.1标准换版差异解读","规范与流程","2025-04-01 09:42:00","徐琳琳","否","http://dmtks.hisense.com/pages/viewpage.action?pageId=297485932"
"YFZXJSSL","视像科技研发中心技术沙龙","301251257","285372389","2025年","第22期 建构可实现AI音源分离的电视软件系统","2","14","视像科技研发中心技术沙龙 主页 / 2025年 / 第22期 建构可实现AI音源分离的电视软件系统","其他","2025-04-21 16:03:58","潘天娓","否","http://dmtks.hisense.com/pages/viewpage.action?pageId=301251257"
"YFZXJSSL","视像科技研发中心技术沙龙","301258024","285372389","2025年","第23期 关于“软件及AI大模型类”专利技术交底书撰写专题培训","2","15","视像科技研发中心技术沙龙 主页 / 2025年 / 第23期 关于“软件及AI大模型类”专利技术交底书撰写专题培训","二维三维与图形模型","2025-05-14 18:15:02","潘天娓","否","http://dmtks.hisense.com/pages/viewpage.action?pageId=301258024"
"YFZXJSSL","视像科技研发中心技术沙龙","301263320","285372389","2025年","第24期 智能电视系统性能团标和IEEE标准编写经验分享","2","16","视像科技研发中心技术沙龙 主页 / 2025年 / 第24期 智能电视系统性能团标和IEEE标准编写经验分享","规范与流程","2025-04-28 18:10:51","潘天娓","否","http://dmtks.hisense.com/pages/viewpage.action?pageId=301263320"
"YFZXJSSL","视像科技研发中心技术沙龙","301267341","285372389","2025年","第25期 AI画质技术分享","2","17","视像科技研发中心技术沙龙 主页 / 2025年 / 第25期 AI画质技术分享","其他","2025-04-30 20:20:56","刁玉洁","否","http://dmtks.hisense.com/pages/viewpage.action?pageId=301267341"
"YFZXJSSL","视像科技研发中心技术沙龙","301263387","285372389","2025年","第26期 高分子材料常用测试分析方法","2","18","视像科技研发中心技术沙龙 主页 / 2025年 / 第26期 高分子材料常用测试分析方法","测试与验证","2025-04-29 09:04:20","潘天娓","否","http://dmtks.hisense.com/pages/viewpage.action?pageId=301263387"
"YFZXJSSL","视像科技研发中心技术沙龙","301263406","285372389","2025年","第27期 背板加强筋形貌优化仿真技术与背板静态仿真刚强度评价方法","2","19","视像科技研发中心技术沙龙 主页 / 2025年 / 第27期 背板加强筋形貌优化仿真技术与背板静态仿真刚强度评价方法","其他","2025-04-28 09:09:09","潘天娓","否","http://dmtks.hisense.com/pages/viewpage.action?pageId=301263406"
"YFZXJSSL","视像科技研发中心技术沙龙","302738394","285372389","2025年","第28期 关于“硬件电路类”专利技术交底书撰写专题培训","2","20","视像科技研发中心技术沙龙 主页 / 2025年 / 第28期 关于“硬件电路类”专利技术交底书撰写专题培训","培训与知识","2025-05-14 18:13:47","潘天娓","否","http://dmtks.hisense.com/pages/viewpage.action?pageId=302738394"
"YFZXJSSL","视像科技研发中心技术沙龙","303910994","285372389","2025年","第29期 关于“产品结构类”专利技术交底书撰写专题培训","2","21","视像科技研发中心技术沙龙 主页 / 2025年 / 第29期 关于“产品结构类”专利技术交底书撰写专题培训","培训与知识","2025-05-23 09:27:06","潘天娓","否","http://dmtks.hisense.com/pages/viewpage.action?pageId=303910994"
"YFZXJSSL","视像科技研发中心技术沙龙","286359507","285372389","2025年","第2期 DLP显示技术原理","2","22","视像科技研发中心技术沙龙 主页 / 2025年 / 第2期 DLP显示技术原理","其他","2025-01-16 18:23:49","李孟凡","否","http://dmtks.hisense.com/pages/viewpage.action?pageId=286359507"
"YFZXJSSL","视像科技研发中心技术沙龙","305500675","285372389","2025年","第30期 惠州声乐技术分享","2","23","视像科技研发中心技术沙龙 主页 / 2025年 / 第30期 惠州声乐技术分享","其他","2025-05-22 14:41:10","潘天娓","否","http://dmtks.hisense.com/pages/viewpage.action?pageId=305500675"
"YFZXJSSL","视像科技研发中心技术沙龙","305508533","285372389","2025年","第31期 关于“专利风险排查及规避设计”专题培训","2","24","视像科技研发中心技术沙龙 主页 / 2025年 / 第31期 关于“专利风险排查及规避设计”专题培训","设计与架构","2025-06-04 15:22:23","潘天娓","否","http://dmtks.hisense.com/pages/viewpage.action?pageId=305508533"
"YFZXJSSL","视像科技研发中心技术沙龙","305506568","285372389","2025年","第32期 Kali(8107)高画质功能(AI live stage高画质的研究)","2","25","视像科技研发中心技术沙龙 主页 / 2025年 / 第32期 Kali(8107)高画质功能(AI live stage高画质的研究)","其他","2025-05-23 09:58:41","潘天娓","否","http://dmtks.hisense.com/pages/viewpage.action?pageId=305506568"
"YFZXJSSL","视像科技研发中心技术沙龙","305506609","285372389","2025年","第33期 网络变压器技术趋势及降本方向交流","2","26","视像科技研发中心技术沙龙 主页 / 2025年 / 第33期 网络变压器技术趋势及降本方向交流","其他","2025-05-23 09:21:41","潘天娓","否","http://dmtks.hisense.com/pages/viewpage.action?pageId=305506609"
"YFZXJSSL","视像科技研发中心技术沙龙","305522438","285372389","2025年","第34期 竞品分析后壳信息总结分享","2","27","视像科技研发中心技术沙龙 主页 / 2025年 / 第34期 竞品分析后壳信息总结分享","问题与复盘","2025-05-27 14:37:53","潘天娓","否","http://dmtks.hisense.com/pages/viewpage.action?pageId=305522438"
"YFZXJSSL","视像科技研发中心技术沙龙","305522455","285372389","2025年","第35期 2025年全球主要DTV技术趋势交流","2","28","视像科技研发中心技术沙龙 主页 / 2025年 / 第35期 2025年全球主要DTV技术趋势交流","其他","2025-05-28 20:30:02","朱登宇","否","http://dmtks.hisense.com/pages/viewpage.action?pageId=305522455"
"YFZXJSSL","视像科技研发中心技术沙龙","305522469","285372389","2025年","第36期 模组结构K8平台项目总结&开发分享","2","29","视像科技研发中心技术沙龙 主页 / 2025年 / 第36期 模组结构K8平台项目总结&开发分享","项目管理","2025-05-27 14:58:01","潘天娓","否","http://dmtks.hisense.com/pages/viewpage.action?pageId=305522469"
"YFZXJSSL","视像科技研发中心技术沙龙","305522570","285372389","2025年","第37期 2025亚洲蓝牙技术大会内容分享","2","30","视像科技研发中心技术沙龙 主页 / 2025年 / 第37期 2025亚洲蓝牙技术大会内容分享","其他","2025-05-27 15:18:37","潘天娓","否","http://dmtks.hisense.com/pages/viewpage.action?pageId=305522570"
"YFZXJSSL","视像科技研发中心技术沙龙","305527532","285372389","2025年","第38期 大模型应用：测试用例设计智能体","2","31","视像科技研发中心技术沙龙 主页 / 2025年 / 第38期 大模型应用：测试用例设计智能体","二维三维与图形模型","2025-05-29 13:39:51","徐琳琳","否","http://dmtks.hisense.com/pages/viewpage.action?pageId=305527532"
"YFZXJSSL","视像科技研发中心技术沙龙","307300391","285372389","2025年","第39期 带有帧生成的超采样技术简介","2","32","视像科技研发中心技术沙龙 主页 / 2025年 / 第39期 带有帧生成的超采样技术简介","其他","2025-05-30 09:20:33","徐琳琳","否","http://dmtks.hisense.com/pages/viewpage.action?pageId=307300391"
"YFZXJSSL","视像科技研发中心技术沙龙","287596005","285372389","2025年","第3期 2025CES显示相关分享","2","33","视像科技研发中心技术沙龙 主页 / 2025年 / 第3期 2025CES显示相关分享","其他","2025-01-21 11:29:34","宗志豪","否","http://dmtks.hisense.com/pages/viewpage.action?pageId=287596005"
"YFZXJSSL","视像科技研发中心技术沙龙","307304141","285372389","2025年","第40期 几种画面显示中响应时间与模糊程度的测试设备","2","34","视像科技研发中心技术沙龙 主页 / 2025年 / 第40期 几种画面显示中响应时间与模糊程度的测试设备","测试与验证","2025-05-30 16:49:11","潘天娓","否","http://dmtks.hisense.com/pages/viewpage.action?pageId=307304141"
"YFZXJSSL","视像科技研发中心技术沙龙","307311380","285372389","2025年","第41期 海信化学物质限制要求","2","35","视像科技研发中心技术沙龙 主页 / 2025年 / 第41期 海信化学物质限制要求","其他","2025-06-05 14:28:15","潘天娓","否","http://dmtks.hisense.com/pages/viewpage.action?pageId=307311380"
"YFZXJSSL","视像科技研发中心技术沙龙","307312700","285372389","2025年","第42期 关于专利技术交底书撰写专题培训之“查新检索”","2","36","视像科技研发中心技术沙龙 主页 / 2025年 / 第42期 关于专利技术交底书撰写专题培训之“查新检索”","培训与知识","2025-07-23 14:19:12","潘天娓","否","http://dmtks.hisense.com/pages/viewpage.action?pageId=307312700"
"YFZXJSSL","视像科技研发中心技术沙龙","308838624","285372389","2025年","第43期 高分子材料：基本检测方案简介与异物分析案例分享","2","37","视像科技研发中心技术沙龙 主页 / 2025年 / 第43期 高分子材料：基本检测方案简介与异物分析案例分享","设计与架构","2025-06-12 18:00:07","潘天娓","否","http://dmtks.hisense.com/pages/viewpage.action?pageId=308838624"
"YFZXJSSL","视像科技研发中心技术沙龙","308842893","285372389","2025年","第44期 QECon测试大会分享","2","38","视像科技研发中心技术沙龙 主页 / 2025年 / 第44期 QECon测试大会分享","测试与验证","2025-06-10 16:30:33","王志刚","否","http://dmtks.hisense.com/pages/viewpage.action?pageId=308842893"
"YFZXJSSL","视像科技研发中心技术沙龙","308848981","285372389","2025年","第45期 连接器品类技术趋势方向交流","2","39","视像科技研发中心技术沙龙 主页 / 2025年 / 第45期 连接器品类技术趋势方向交流","其他","2025-06-25 10:52:45","潘天娓","否","http://dmtks.hisense.com/pages/viewpage.action?pageId=308848981"
"YFZXJSSL","视像科技研发中心技术沙龙","308867447","285372389","2025年","第46期 专利审查意见答复相关培训","2","40","视像科技研发中心技术沙龙 主页 / 2025年 / 第46期 专利审查意见答复相关培训","培训与知识","2025-07-23 14:18:29","潘天娓","否","http://dmtks.hisense.com/pages/viewpage.action?pageId=308867447"
"YFZXJSSL","视像科技研发中心技术沙龙","349813666","146968877","视像科技研发中心技术沙龙 主页","2026年","1","9","视像科技研发中心技术沙龙 主页 / 2026年","其他","2026-01-06 08:56:17","潘天娓","否","http://dmtks.hisense.com/pages/viewpage.action?pageId=349813666"
"YFZXJSSL","视像科技研发中心技术沙龙","357840492","349813666","2026年","第10期  电视产品化学物质限制要求","2","1","视像科技研发中心技术沙龙 主页 / 2026年 / 第10期  电视产品化学物质限制要求","其他","2026-02-24 13:37:51","潘天娓","否","http://dmtks.hisense.com/pages/viewpage.action?pageId=357840492"
"YFZXJSSL","视像科技研发中心技术沙龙","357844823","349813666","2026年","第11期  MT9655图形系统架构解读","2","2","视像科技研发中心技术沙龙 主页 / 2026年 / 第11期  MT9655图形系统架构解读","设计与架构","2026-02-26 14:21:41","马立凯","否","http://dmtks.hisense.com/pages/viewpage.action?pageId=357844823"
"YFZXJSSL","视像科技研发中心技术沙龙","357847468","349813666","2026年","第12期  点胶工艺介绍","2","3","视像科技研发中心技术沙龙 主页 / 2026年 / 第12期  点胶工艺介绍","其他","2026-02-27 10:12:41","潘天娓","否","http://dmtks.hisense.com/pages/viewpage.action?pageId=357847468"
"YFZXJSSL","视像科技研发中心技术沙龙","357842907","349813666","2026年","第13期  巴西及德国电视机包装物流环境调研分享","2","4","视像科技研发中心技术沙龙 主页 / 2026年 / 第13期  巴西及德国电视机包装物流环境调研分享","其他","2026-02-27 09:49:36","潘天娓","否","http://dmtks.hisense.com/pages/viewpage.action?pageId=357842907"
"YFZXJSSL","视像科技研发中心技术沙龙","357851114","349813666","2026年","第14期  电视产品EMC调试整改分享","2","5","视像科技研发中心技术沙龙 主页 / 2026年 / 第14期  电视产品EMC调试整改分享","其他","2026-03-24 09:05:26","潘天娓","否","http://dmtks.hisense.com/pages/viewpage.action?pageId=357851114"
"YFZXJSSL","视像科技研发中心技术沙龙","357852141","349813666","2026年","第15期 3D基本原理及测试技术","2","6","视像科技研发中心技术沙龙 主页 / 2026年 / 第15期 3D基本原理及测试技术","二维三维与图形模型","2026-02-28 10:08:36","徐琳琳","否","http://dmtks.hisense.com/pages/viewpage.action?pageId=357852141"
"YFZXJSSL","视像科技研发中心技术沙龙","360825017","349813666","2026年","第16期  Openclaw技术实战与分享","2","7","视像科技研发中心技术沙龙 主页 / 2026年 / 第16期  Openclaw技术实战与分享","其他","2026-03-12 15:56:51","潘天娓","否","http://dmtks.hisense.com/pages/viewpage.action?pageId=360825017"
"YFZXJSSL","视像科技研发中心技术沙龙","360832031","349813666","2026年","第17期  RICHTEK（立锜科技）音频方案技术交流","2","8","视像科技研发中心技术沙龙 主页 / 2026年 / 第17期  RICHTEK（立锜科技）音频方案技术交流","设计与架构","2026-03-24 09:05:43","潘天娓","否","http://dmtks.hisense.com/pages/viewpage.action?pageId=360832031"
"YFZXJSSL","视像科技研发中心技术沙龙","360838776","349813666","2026年","第18期  研发工程师的专利“必修课”之专利基础知识","2","9","视像科技研发中心技术沙龙 主页 / 2026年 / 第18期  研发工程师的专利“必修课”之专利基础知识","其他","2026-04-22 17:57:57","潘天娓","否","http://dmtks.hisense.com/pages/viewpage.action?pageId=360838776"
"YFZXJSSL","视像科技研发中心技术沙龙","360839007","349813666","2026年","第19期 Qoder工具技术实践与分享","2","10","视像科技研发中心技术沙龙 主页 / 2026年 / 第19期 Qoder工具技术实践与分享","其他","2026-03-19 16:38:18","潘天娓","否","http://dmtks.hisense.com/pages/viewpage.action?pageId=360839007"
"YFZXJSSL","视像科技研发中心技术沙龙","349813671","349813666","2026年","第1期  电路信号完整性设计及失效案例分析","2","11","视像科技研发中心技术沙龙 主页 / 2026年 / 第1期  电路信号完整性设计及失效案例分析","设计与架构","2026-01-27 15:22:12","潘天娓","否","http://dmtks.hisense.com/pages/viewpage.action?pageId=349813671"
"YFZXJSSL","视像科技研发中心技术沙龙","360838836","349813666","2026年","第20期  Kali高画质机能（AI光景再现高画质研究）","2","12","视像科技研发中心技术沙龙 主页 / 2026年 / 第20期  Kali高画质机能（AI光景再现高画质研究）","其他","2026-03-19 16:38:27","潘天娓","否","http://dmtks.hisense.com/pages/viewpage.action?pageId=360838836"
"YFZXJSSL","视像科技研发中心技术沙龙","363106401","349813666","2026年","第21期  2025年结构改模典型案例经验分享","2","13","视像科技研发中心技术沙龙 主页 / 2026年 / 第21期  2025年结构改模典型案例经验分享","其他","2026-03-23 17:40:35","潘天娓","否","http://dmtks.hisense.com/pages/viewpage.action?pageId=363106401"
"YFZXJSSL","视像科技研发中心技术沙龙","363110119","349813666","2026年","第22期  一种基于abaqus的EPS断裂本构分享","2","14","视像科技研发中心技术沙龙 主页 / 2026年 / 第22期  一种基于abaqus的EPS断裂本构分享","其他","2026-03-24 10:46:44","潘天娓","否","http://dmtks.hisense.com/pages/viewpage.action?pageId=363110119"
"YFZXJSSL","视像科技研发中心技术沙龙","363115117","349813666","2026年","第23期  openclaw线下交流会","2","15","视像科技研发中心技术沙龙 主页 / 2026年 / 第23期  openclaw线下交流会","其他","2026-04-22 17:46:15","潘天娓","否","http://dmtks.hisense.com/pages/viewpage.action?pageId=363115117"
"YFZXJSSL","视像科技研发中心技术沙龙","367339349","349813666","2026年","第24期 2026AWE参展--测试分享","2","16","视像科技研发中心技术沙龙 主页 / 2026年 / 第24期 2026AWE参展--测试分享","测试与验证","2026-04-13 15:34:02","周春平","否","http://dmtks.hisense.com/pages/viewpage.action?pageId=367339349"
"YFZXJSSL","视像科技研发中心技术沙龙","367339814","349813666","2026年","第25期 Lontium龙迅半导体高清视频转换方案技术交流","2","17","视像科技研发中心技术沙龙 主页 / 2026年 / 第25期 Lontium龙迅半导体高清视频转换方案技术交流","设计与架构","2026-04-13 18:17:30","潘天娓","否","http://dmtks.hisense.com/pages/viewpage.action?pageId=367339814"
"YFZXJSSL","视像科技研发中心技术沙龙","367355049","349813666","2026年","第26期 矽力杰DC/DC芯片技术交流","2","18","视像科技研发中心技术沙龙 主页 / 2026年 / 第26期 矽力杰DC/DC芯片技术交流","其他","2026-04-22 12:14:46","潘天娓","否","http://dmtks.hisense.com/pages/viewpage.action?pageId=367355049"
"YFZXJSSL","视像科技研发中心技术沙龙","367355446","349813666","2026年","第27期 图像引擎高画质功能-背光扫描研发","2","19","视像科技研发中心技术沙龙 主页 / 2026年 / 第27期 图像引擎高画质功能-背光扫描研发","其他","2026-04-22 16:16:43","潘天娓","否","http://dmtks.hisense.com/pages/viewpage.action?pageId=367355446"
"YFZXJSSL","视像科技研发中心技术沙龙","367355921","349813666","2026年","第28期  专利审查政策变化解读","2","20","视像科技研发中心技术沙龙 主页 / 2026年 / 第28期  专利审查政策变化解读","其他","2026-04-22 17:57:20","潘天娓","否","http://dmtks.hisense.com/pages/viewpage.action?pageId=367355921"
"YFZXJSSL","视像科技研发中心技术沙龙","370509484","349813666","2026年","第29期 2026AWE画质分享","2","21","视像科技研发中心技术沙龙 主页 / 2026年 / 第29期 2026AWE画质分享","其他","2026-04-27 09:38:44","张威威","否","http://dmtks.hisense.com/pages/viewpage.action?pageId=370509484"
"YFZXJSSL","视像科技研发中心技术沙龙","353656589","349813666","2026年","第2期  英飞凌AI、语音唤醒、传感器技术交流","2","22","视像科技研发中心技术沙龙 主页 / 2026年 / 第2期  英飞凌AI、语音唤醒、传感器技术交流","其他","2026-01-23 15:21:34","辛惠莹","否","http://dmtks.hisense.com/pages/viewpage.action?pageId=353656589"
"YFZXJSSL","视像科技研发中心技术沙龙","370510630","349813666","2026年","第30期 奇点智能技术大会-智能体技术发展现状分享","2","23","视像科技研发中心技术沙龙 主页 / 2026年 / 第30期 奇点智能技术大会-智能体技术发展现状分享","其他","2026-05-07 10:25:42","潘天娓","否","http://dmtks.hisense.com/pages/viewpage.action?pageId=370510630"
"YFZXJSSL","视像科技研发中心技术沙龙","370512080","349813666","2026年","第31期 竞品分析：三星发展历史","2","24","视像科技研发中心技术沙龙 主页 / 2026年 / 第31期 竞品分析：三星发展历史","问题与复盘","2026-04-28 14:47:11","潘天娓","否","http://dmtks.hisense.com/pages/viewpage.action?pageId=370512080"
"YFZXJSSL","视像科技研发中心技术沙龙","370512086","349813666","2026年","第32期 包装测试设备常用传感器","2","25","视像科技研发中心技术沙龙 主页 / 2026年 / 第32期 包装测试设备常用传感器","测试与验证","2026-04-29 13:34:48","张辉","否","http://dmtks.hisense.com/pages/viewpage.action?pageId=370512086"
"YFZXJSSL","视像科技研发中心技术沙龙","353657191","349813666","2026年","第3期  2026CES参展记录（三星展位）分享","2","26","视像科技研发中心技术沙龙 主页 / 2026年 / 第3期  2026CES参展记录（三星展位）分享","其他","2026-01-21 17:31:34","潘天娓","否","http://dmtks.hisense.com/pages/viewpage.action?pageId=353657191"
"YFZXJSSL","视像科技研发中心技术沙龙","353663664","349813666","2026年","第4期  Rtings CAD响应时间解读","2","27","视像科技研发中心技术沙龙 主页 / 2026年 / 第4期  Rtings CAD响应时间解读","二维三维与图形模型","2026-01-27 15:53:46","潘天娓","否","http://dmtks.hisense.com/pages/viewpage.action?pageId=353663664"
"YFZXJSSL","视像科技研发中心技术沙龙","353663711","349813666","2026年","第5期  专利侵权分析","2","28","视像科技研发中心技术沙龙 主页 / 2026年 / 第5期  专利侵权分析","问题与复盘","2026-03-19 14:23:53","潘天娓","否","http://dmtks.hisense.com/pages/viewpage.action?pageId=353663711"
"YFZXJSSL","视像科技研发中心技术沙龙","355569531","349813666","2026年","第6期  大数据采集平台框架基本构想","2","29","视像科技研发中心技术沙龙 主页 / 2026年 / 第6期  大数据采集平台框架基本构想","数据与质量","2026-01-27 15:32:59","潘天娓","否","http://dmtks.hisense.com/pages/viewpage.action?pageId=355569531"
"YFZXJSSL","视像科技研发中心技术沙龙","355571961","349813666","2026年","第7期 2026新版微型计算机能效标准解读","2","30","视像科技研发中心技术沙龙 主页 / 2026年 / 第7期 2026新版微型计算机能效标准解读","规范与流程","2026-01-28 18:20:47","潘天娓","否","http://dmtks.hisense.com/pages/viewpage.action?pageId=355571961"
"YFZXJSSL","视像科技研发中心技术沙龙","355573064","349813666","2026年","第8期  2026CES参展分享-结构外观","2","31","视像科技研发中心技术沙龙 主页 / 2026年 / 第8期  2026CES参展分享-结构外观","其他","2026-01-29 08:49:03","潘天娓","否","http://dmtks.hisense.com/pages/viewpage.action?pageId=355573064"
"YFZXJSSL","视像科技研发中心技术沙龙","357839675","349813666","2026年","第9期  为实现虚拟人物动画自动生成的技术分享","2","32","视像科技研发中心技术沙龙 主页 / 2026年 / 第9期  为实现虚拟人物动画自动生成的技术分享","其他","2026-02-24 09:30:22","潘天娓","否","http://dmtks.hisense.com/pages/viewpage.action?pageId=357839675"
