"Id","Name","Custom","Orderable","Searchable","ClauseNames","SchemaType","SchemaCustom"
"customfield_23700","RD测试版本","True","True","True","cf[23700]|RD测试版本","string","com.atlassian.jira.plugin.system.customfieldtypes:textfield"
"customfield_19200","提示","True","True","True","cf[19200]|提示","string","com.atlassian.jira.plugin.system.customfieldtypes:readonlyfield"
"customfield_21400","超期申诉问题","True","True","True","cf[21400]|超期申诉问题","string","com.atlassian.jira.plugin.system.customfieldtypes:textfield"
"customfield_23701","RD修复版本","True","True","True","cf[23701]|RD修复版本","string","com.atlassian.jira.plugin.system.customfieldtypes:textfield"
"customfield_23702","RD验证版本","True","True","True","cf[23702]|RD验证版本","string","com.atlassian.jira.plugin.system.customfieldtypes:textfield"
"resolution","解决结果","False","True","True","resolution","resolution",
"customfield_10510","机型","True","True","True","cf[10510]|机型","string","com.atlassian.jira.plugin.system.customfieldtypes:textfield"
"customfield_10500","验证人","True","True","True","cf[10500]|验证人","string","com.atlassian.jira.plugin.system.customfieldtypes:textfield"
"customfield_12801","问题分类","True","True","True","cf[12801]|问题分类","option","com.atlassian.jira.plugin.system.customfieldtypes:select"
"customfield_10504","测试计划名称","True","True","True","cf[10504]|测试计划名称","string","com.atlassian.jira.plugin.system.customfieldtypes:textfield"
"customfield_18100","市场质量问题漏测原因分析","True","True","True","cf[18100]|市场质量问题漏测原因分析","option","com.atlassian.jira.plugin.system.customfieldtypes:select"
"customfield_24800","第三方选择","True","True","True","cf[24800]|第三方选择","option","com.atlassian.jira.plugin.system.customfieldtypes:select"
"lastViewed","最近查看的","False","False","False","lastViewed","datetime",
"customfield_20300","是否按照检查规则完成结果填写","True","True","True","cf[20300]|是否按照检查规则完成结果填写","option","com.atlassian.jira.plugin.system.customfieldtypes:radiobuttons"
"customfield_24801","第三方市场类型","True","True","True","cf[24801]|第三方市场类型","option","com.atlassian.jira.plugin.system.customfieldtypes:select"
"customfield_18101","问题类别(RD)","True","True","True","cf[18101]|问题类别(RD)","option","com.atlassian.jira.plugin.system.customfieldtypes:select"
"customfield_24802","第三方问题类型","True","True","True","cf[24802]|第三方问题类型","option","com.atlassian.jira.plugin.system.customfieldtypes:select"
"customfield_18102","验证方式","True","True","True","cf[18102]|验证方式","option","com.atlassian.jira.plugin.system.customfieldtypes:radiobuttons"
"customfield_24803","第三方测试类型","True","True","True","cf[24803]|第三方测试类型","option","com.atlassian.jira.plugin.system.customfieldtypes:select"
"customfield_18103","需求文档","True","True","True","cf[18103]|需求文档","option","com.atlassian.jira.plugin.system.customfieldtypes:radiobuttons"
"customfield_11700","问题来源","True","True","True","cf[11700]|问题来源","option","com.atlassian.jira.plugin.system.customfieldtypes:select"
"customfield_11701","适用机芯/方案","True","True","True","cf[11701]|适用机芯/方案","array","com.atlassian.jira.plugin.system.customfieldtypes:multiselect"
"aggregatetimeoriginalestimate","Σ 原预估时间","False","False","False","","number",
"customfield_11703","开始实施时间","True","True","True","cf[11703]|开始实施时间","date","com.atlassian.jira.plugin.system.customfieldtypes:datepicker"
"customfield_11706","完成结果","True","True","True","cf[11706]|完成结果","string","com.atlassian.jira.plugin.system.customfieldtypes:textarea"
"issuelinks","链接的问题","False","True","True","","array",
"assignee","经办人","False","True","True","assignee","user",
"customfield_21500","泄露率申诉类别","True","True","True","cf[21500]|泄露率申诉类别","option","com.atlassian.jira.plugin.system.customfieldtypes:select"
"customfield_23600","流水线选择","True","True","True","cf[23600]|流水线选择","string","com.atlassian.jira.plugin.system.customfieldtypes:textarea"
"customfield_23601","是否需进入CI系统","True","True","True","cf[23601]|是否需进入CI系统","option","com.atlassian.jira.plugin.system.customfieldtypes:radiobuttons"
"customfield_25900","需执行软件过程活动（业务方向SE审核同意后可将裁剪活动去勾选）","True","True","True","cf[25900]|需执行软件过程活动（业务方向SE审核同意后可将裁剪活动去勾选）","array","com.atlassian.jira.plugin.system.customfieldtypes:multicheckboxes"
"customfield_25901","代码会议评审JIRA任务ID","True","True","True","cf[25901]|代码会议评审JIRA任务ID","string","com.atlassian.jira.plugin.system.customfieldtypes:textfield"
"customfield_25902","转系统测试评审报告SVN地址","True","True","True","cf[25902]|转系统测试评审报告SVN地址","string","com.atlassian.jira.plugin.system.customfieldtypes:textfield"
"customfield_25903","单元测试有效性评审JIRA任务ID","True","True","True","cf[25903]|单元测试有效性评审JIRA任务ID","string","com.atlassian.jira.plugin.system.customfieldtypes:textfield"
"customfield_19302","最新结果","True","True","True","cf[19302]|最新结果","option","com.atlassian.jira.plugin.system.customfieldtypes:select"
"customfield_17000","技术评审类别","True","True","True","cf[17000]|技术评审类别","option","com.atlassian.jira.plugin.system.customfieldtypes:select"
"customfield_19304","测试周期中的测试者","True","True","True","cf[19304]|testersOfCycle","user","com.atlassian.jira.plugin.system.customfieldtypes:userpicker"
"customfield_19305","resultsOfCycle","True","True","True","cf[19305]|resultsOfCycle","option","com.atlassian.jira.plugin.system.customfieldtypes:select"
"customfield_10850","产品机型选择","True","True","True","cf[10850]|产品机型选择","option-with-child","com.atlassian.jira.plugin.system.customfieldtypes:cascadingselect"
"customfield_19306","urgencyOfRun","True","True","True","cf[19306]|urgencyOfRun","option","com.atlassian.jira.plugin.system.customfieldtypes:select"
"customfield_10601","任务结束类别","True","True","True","cf[10601]|任务结束类别","option","com.atlassian.jira.plugin.system.customfieldtypes:radiobuttons"
"customfield_10844","主干版本号","True","True","True","cf[10844]|主干版本号","string","com.atlassian.jira.plugin.system.customfieldtypes:textfield"
"customfield_10845","修复版本(SW/HW)","True","True","True","cf[10845]|修复版本(SW/HW)","string","com.atlassian.jira.plugin.system.customfieldtypes:textfield"
"customfield_10603","机芯信息","True","True","True","cf[10603]|机芯信息","string","com.atlassian.jira.plugin.system.customfieldtypes:textfield"
"customfield_10846","里程碑调整次数","True","True","True","cf[10846]|里程碑调整次数","number","com.atlassian.jira.plugin.system.customfieldtypes:float"
"customfield_10847","其他信息","True","True","True","cf[10847]|其他信息","string","com.atlassian.jira.plugin.system.customfieldtypes:textarea"
"customfield_22700","Block阶段","True","True","True","Block阶段|cf[22700]","option","com.atlassian.jira.plugin.system.customfieldtypes:select"
"customfield_20400","后台测试环境部署是否完成","True","True","True","cf[20400]|后台测试环境部署是否完成","option","com.atlassian.jira.plugin.system.customfieldtypes:radiobuttons"
"customfield_24700","是否发起Notice","True","True","True","cf[24700]|是否发起Notice","option","com.atlassian.jira.plugin.system.customfieldtypes:select"
"customfield_18200","是否风险评估报告放行","True","True","True","cf[18200]|是否风险评估报告放行","option","com.atlassian.jira.plugin.system.customfieldtypes:select"
"subtasks","子任务","False","False","False","subtasks","array",
"customfield_10840","测试建议","True","True","True","cf[10840]|测试建议","string","com.atlassian.jira.plugin.system.customfieldtypes:textarea"
"customfield_10832","纵向沿动线闭环场景","True","True","True","cf[10832]|纵向沿动线闭环场景","string","com.atlassian.jira.plugin.system.customfieldtypes:textarea"
"customfield_11800","缺陷来源(TE)","True","True","True","cf[11800]|缺陷来源(TE)","option","com.atlassian.jira.plugin.system.customfieldtypes:select"
"customfield_10835","HiSi-K700的机型","True","True","True","cf[10835]|HiSi-K700的机型","array","com.atlassian.jira.plugin.system.customfieldtypes:multiselect"
"customfield_10836","【机型名称】TV Model","True","True","True","cf[10836]|【机型名称】TV Model","string","com.atlassian.jira.plugin.system.customfieldtypes:textfield"
"customfield_10837","【机芯名称】Main Chip Type","True","True","True","cf[10837]|【机芯名称】Main Chip Type","string","com.atlassian.jira.plugin.system.customfieldtypes:textfield"
"customfield_10838","用户服务部处理时间","True","True","True","cf[10838]|用户服务部处理时间","string","com.atlassian.jira.plugin.system.customfieldtypes:textfield"
"customfield_10839","软件研发部处理时间","True","True","True","cf[10839]|软件研发部处理时间","string","com.atlassian.jira.plugin.system.customfieldtypes:textfield"
"votes","投票","False","False","False","votes","votes",
"worklog","记录工作时间","False","True","True","","array",
"customfield_21600","泄露率申诉问题","True","True","True","cf[21600]|泄露率申诉问题","string","com.atlassian.jira.plugin.system.customfieldtypes:textfield"
"customfield_23500","软件CBB型号","True","True","True","cf[23500]|软件CBB型号","string","com.atlassian.jira.plugin.system.customfieldtypes:textarea"
"customfield_25800","应用版本选择","True","True","True","cf[25800]|应用版本选择","string","com.atlassian.jira.plugin.system.customfieldtypes:textarea"
"customfield_23501","结构平台方案","True","True","True","cf[23501]|结构平台方案","string","com.atlassian.jira.plugin.system.customfieldtypes:textfield"
"customfield_23502","屏型号","True","True","True","cf[23502]|屏型号","string","com.atlassian.jira.plugin.system.customfieldtypes:textfield"
"customfield_25801","应用版本ID","True","True","True","cf[25801]|应用版本ID","string","com.atlassian.jira.plugin.system.customfieldtypes:textfield"
"issuetype","问题类型","False","True","True","issuetype|type","issuetype",
"customfield_23503","电源板号","True","True","True","cf[23503]|电源板号","string","com.atlassian.jira.plugin.system.customfieldtypes:textfield"
"customfield_23504","主板号","True","True","True","cf[23504]|主板号","string","com.atlassian.jira.plugin.system.customfieldtypes:textfield"
"customfield_23505","T-con方案","True","True","True","cf[23505]|T-con方案","string","com.atlassian.jira.plugin.system.customfieldtypes:textfield"
"customfield_23506","FRC方案","True","True","True","cf[23506]|FRC方案","string","com.atlassian.jira.plugin.system.customfieldtypes:textfield"
"customfield_23507","WIFI模块型号","True","True","True","cf[23507]|WIFI模块型号","string","com.atlassian.jira.plugin.system.customfieldtypes:textfield"
"customfield_17100","产品分类","True","True","True","cf[17100]|产品分类","option","com.atlassian.jira.plugin.system.customfieldtypes:select"
"customfield_23508","扬声器型号","True","True","True","cf[23508]|扬声器型号","string","com.atlassian.jira.plugin.system.customfieldtypes:textfield"
"customfield_23509","上市（铭牌）型号","True","True","True","cf[23509]|上市（铭牌）型号","string","com.atlassian.jira.plugin.system.customfieldtypes:textfield"
"customfield_10700","评审报告","True","True","True","cf[10700]|评审报告","string","com.atlassian.jira.plugin.system.customfieldtypes:textfield"
"customfield_10701","通过率(%)","True","True","True","cf[10701]|通过率(%)","number","com.atlassian.jira.plugin.system.customfieldtypes:float"
"customfield_10702","测试项目名称","True","True","True","cf[10702]|测试项目名称","string","com.atlassian.jira.plugin.system.customfieldtypes:textfield"
"customfield_10703","迭代轮次","True","True","True","cf[10703]|迭代轮次","array","com.atlassian.jira.plugin.system.customfieldtypes:labels"
"customfield_10704","任务执行结果","True","True","True","cf[10704]|任务执行结果","option","com.atlassian.jira.plugin.system.customfieldtypes:radiobuttons"
"customfield_10705","comments数(个)","True","True","True","cf[10705]|comments数(个)","number","com.atlassian.jira.plugin.system.customfieldtypes:float"
"customfield_10706","基线文件及SVN地址","True","True","True","cf[10706]|基线文件及SVN地址","string","com.atlassian.jira.plugin.system.customfieldtypes:textarea"
"customfield_20501","失效板块","True","True","True","cf[20501]|失效板块","option-with-child","com.atlassian.jira.plugin.system.customfieldtypes:cascadingselect"
"customfield_23510","PLM ID","True","True","True","cf[23510]|PLM ID","string","com.atlassian.jira.plugin.system.customfieldtypes:textfield"
"customfield_22800","失败原因分析","True","True","True","cf[22800]|失败原因分析","option","com.atlassian.jira.plugin.system.customfieldtypes:select"
"customfield_26900","是否为任务单","True","True","True","cf[26900]|是否为任务单","option","com.atlassian.jira.plugin.system.customfieldtypes:radiobuttons"
"customfield_24600","是否发起Notice-废弃","True","True","True","cf[24600]|是否发起Notice-废弃","option","com.atlassian.jira.plugin.system.customfieldtypes:radiobuttons"
"customfield_20500","信息安全与隐私保护类缺陷选择","True","True","True","cf[20500]|信息安全与隐私保护类缺陷选择","option","com.atlassian.jira.plugin.system.customfieldtypes:select"
"customfield_26901","SAP内部订单号","True","True","True","cf[26901]|SAP内部订单号","string","com.atlassian.jira.plugin.system.customfieldtypes:textfield"
"customfield_18300","实验项目","True","True","True","cf[18300]|实验项目","option-with-child","com.atlassian.jira.plugin.system.customfieldtypes:cascadingselect"
"customfield_16001","所属专业","True","True","True","cf[16001]|所属专业","option","com.atlassian.jira.plugin.system.customfieldtypes:select"
"customfield_16000","NUDD","True","True","True","cf[16000]|NUDD","array","com.atlassian.jira.plugin.system.customfieldtypes:multiselect"
"customfield_10810","MTK5508-K720U的机型","True","True","True","cf[10810]|MTK5508-K720U的机型","array","com.atlassian.jira.plugin.system.customfieldtypes:multiselect"
"customfield_11900","原型机","True","True","True","cf[11900]|原型机","string","com.atlassian.jira.plugin.system.customfieldtypes:textfield"
"customfield_10811","MST6A628B-K220的机型","True","True","True","cf[10811]|MST6A628B-K220的机型","array","com.atlassian.jira.plugin.system.customfieldtypes:multiselect"
"customfield_10813","CI未能发现的原因-不再使用","True","True","True","cf[10813]|CI未能发现的原因-不再使用","string","com.atlassian.jira.plugin.system.customfieldtypes:textfield"
"customfield_10814","发布日期","True","True","True","cf[10814]|发布日期","date","com.atlassian.jira.plugin.system.customfieldtypes:datepicker"
"customfield_10815","进展","True","True","True","cf[10815]|进展","string","com.atlassian.jira.plugin.system.customfieldtypes:textarea"
"customfield_10817","测试用例失败个数","True","True","True","cf[10817]|测试用例失败个数","number","com.atlassian.jira.plugin.system.customfieldtypes:float"
"customfield_10818","基线地址","True","True","True","cf[10818]|基线地址","string","com.atlassian.jira.plugin.system.customfieldtypes:textarea"
"customfield_23400","CBB型号选择-测试用，当前未使用","True","True","True","CBB型号选择-测试用，当前未使用|cf[23400]","version","com.atlassian.jira.plugin.system.customfieldtypes:version"
"customfield_21700","第三方申诉问题","True","True","True","cf[21700]|第三方申诉问题","string","com.atlassian.jira.plugin.system.customfieldtypes:textfield"
"customfield_23401","CBB型号","True","True","True","CBB型号|cf[23401]","string","com.atlassian.jira.plugin.system.customfieldtypes:textarea"
"customfield_25700","功能自测用例评审JIRA任务ID","True","True","True","cf[25700]|功能自测用例评审JIRA任务ID","string","com.atlassian.jira.plugin.system.customfieldtypes:textfield"
"customfield_23402","是否进行单元测试","True","True","True","cf[23402]|是否进行单元测试","option","com.atlassian.jira.plugin.system.customfieldtypes:select"
"customfield_23403","是否已完成目标值分解","True","True","True","cf[23403]|是否已完成目标值分解","option","com.atlassian.jira.plugin.system.customfieldtypes:select"
"customfield_19500","前置条件","True","True","True","cf[19500]|前置条件","string","com.atlassian.jira.plugin.system.customfieldtypes:textarea"
"customfield_17201","【是否需要OTA】","True","True","True","cf[17201]|【是否需要OTA】","option","com.atlassian.jira.plugin.system.customfieldtypes:select"
"timetracking","时间跟踪","False","True","True","","timetracking",
"customfield_10800","执行率(%)","True","True","True","cf[10800]|执行率(%)","number","com.atlassian.jira.plugin.system.customfieldtypes:float"
"customfield_10804","MTK5655-K220的机型","True","True","True","cf[10804]|MTK5655-K220的机型","array","com.atlassian.jira.plugin.system.customfieldtypes:multiselect"
"customfield_10805","MT5657B-K321的机型","True","True","True","cf[10805]|MT5657B-K321的机型","array","com.atlassian.jira.plugin.system.customfieldtypes:multiselect"
"customfield_10806","MT5652NHOI-K380的机型","True","True","True","cf[10806]|MT5652NHOI-K380的机型","array","com.atlassian.jira.plugin.system.customfieldtypes:multiselect"
"customfield_10807","MTK5329-XT910的机型","True","True","True","cf[10807]|MTK5329-XT910的机型","array","com.atlassian.jira.plugin.system.customfieldtypes:multiselect"
"customfield_22901","模块/子流水线ID","True","True","True","cf[22901]|模块/子流水线ID","string","com.atlassian.jira.plugin.system.customfieldtypes:textfield"
"customfield_10809","MTK5508-K690U的机型","True","True","True","cf[10809]|MTK5508-K690U的机型","array","com.atlassian.jira.plugin.system.customfieldtypes:multiselect"
"customfield_22900","流水线记录ID","True","True","True","cf[22900]|流水线记录ID","string","com.atlassian.jira.plugin.system.customfieldtypes:textfield"
"customfield_20600","非整机项目","True","True","True","cf[20600]|非整机项目","option","com.atlassian.jira.plugin.system.customfieldtypes:select"
"customfield_24500","横向枚举场景","True","True","True","cf[24500]|横向枚举场景","string","com.atlassian.jira.plugin.system.customfieldtypes:textarea"
"customfield_26801","引入Patch的Reviewer","True","True","True","cf[26801]|引入Patch的Reviewer","array","com.atlassian.jira.plugin.system.customfieldtypes:multiuserpicker"
"customfield_26800","引入人","True","True","True","cf[26800]|引入人","user","com.atlassian.jira.plugin.system.customfieldtypes:userpicker"
"customfield_26803","Committed component","True","True","True","cf[26803]|Committed component","string","com.atlassian.jira.plugin.system.customfieldtypes:textarea"
"customfield_18400","问题经办人","True","True","True","cf[18400]|问题经办人","user","com.atlassian.jira.plugin.system.customfieldtypes:userpicker"
"customfield_16100","第三方进展","True","True","True","cf[16100]|第三方进展","string","com.atlassian.jira.plugin.system.customfieldtypes:textarea"
"environment","环境","False","True","True","environment","string",
"duedate","到期日","False","True","True","due|duedate","date",
"customfield_21803","系统设计评审JIRA任务ID","True","True","True","cf[21803]|系统设计评审JIRA任务ID","string","com.atlassian.jira.plugin.system.customfieldtypes:textfield"
"customfield_21802","系统设计文档地址","True","True","True","cf[21802]|系统设计文档地址","string","com.atlassian.jira.plugin.system.customfieldtypes:textfield"
"customfield_21801","模块设计评审JIRA任务ID","True","True","True","cf[21801]|模块设计评审JIRA任务ID","string","com.atlassian.jira.plugin.system.customfieldtypes:textfield"
"customfield_21800","模块设计文档地址","True","True","True","cf[21800]|模块设计文档地址","string","com.atlassian.jira.plugin.system.customfieldtypes:textfield"
"customfield_25600","最新进展","True","True","True","cf[25600]|最新进展","string","com.atlassian.jira.plugin.system.customfieldtypes:textarea"
"customfield_27900","templateText","True","True","True","cf[27900]|templateText","string","com.atlassian.jira.plugin.system.customfieldtypes:textfield"
"customfield_23300","静态代码工具","True","True","True","cf[23300]|静态代码工具","option","com.atlassian.jira.plugin.system.customfieldtypes:select"
"customfield_10110","电视销售类型","True","True","True","cf[10110]|电视销售类型","option","com.atlassian.jira.plugin.system.customfieldtypes:select"
"customfield_15800","变更原因","True","True","True","cf[15800]|变更原因","option","com.atlassian.jira.plugin.system.customfieldtypes:select"
"customfield_13500","客户角色+旅程","True","True","True","cf[13500]|客户角色+旅程","option-with-child","com.atlassian.jira.plugin.system.customfieldtypes:cascadingselect"
"customfield_10111","电路设计人员","True","True","True","cf[10111]|电路设计人员","string","com.atlassian.jira.plugin.system.customfieldtypes:textfield"
"customfield_11200","通知人","True","True","True","cf[11200]|通知人","array","com.atlassian.jira.plugin.system.customfieldtypes:multiuserpicker"
"customfield_15801","是否已经过线下评估","True","True","True","cf[15801]|是否已经过线下评估","option","com.atlassian.jira.plugin.system.customfieldtypes:radiobuttons"
"customfield_11201","概率说明","True","True","True","cf[11201]|概率说明","string","com.atlassian.jira.plugin.system.customfieldtypes:textfield"
"customfield_10112","白班还是夜班","True","True","True","cf[10112]|白班还是夜班","option","com.atlassian.jira.plugin.system.customfieldtypes:select"
"customfield_10113","结构设计人员","True","True","True","cf[10113]|结构设计人员","string","com.atlassian.jira.plugin.system.customfieldtypes:textfield"
"customfield_11202","问题发现阶段+来源","True","True","True","cf[11202]|问题发现阶段+来源","option-with-child","com.atlassian.jira.plugin.system.customfieldtypes:cascadingselect"
"customfield_13501","审批标识","True","True","True","cf[13501]|审批标识","option","com.atlassian.jira.plugin.system.customfieldtypes:select"
"customfield_10114","软件版本号","True","True","True","cf[10114]|软件版本号","string","com.atlassian.jira.plugin.system.customfieldtypes:textfield"
"customfield_10105","彻底解决方案","True","True","True","cf[10105]|彻底解决方案","string","com.atlassian.jira.plugin.system.customfieldtypes:textarea"
"customfield_10106","期望解决日期","True","True","True","cf[10106]|期望解决日期","date","com.atlassian.jira.plugin.system.customfieldtypes:datepicker"
"customfield_14702","自测记录","True","True","True","cf[14702]|自测记录","string","com.atlassian.jira.plugin.system.customfieldtypes:textarea"
"customfield_10109","生产影响项","True","True","True","cf[10109]|生产影响项","option","com.atlassian.jira.plugin.system.customfieldtypes:select"
"customfield_22200","代码服务器","True","True","True","cf[22200]|代码服务器","option","com.atlassian.jira.plugin.system.customfieldtypes:select"
"customfield_10100","BOM号","True","True","True","BOM号|cf[10100]","string","com.atlassian.jira.plugin.system.customfieldtypes:textfield"
"customfield_12400","共性问题确认时间","True","True","True","cf[12400]|共性问题确认时间","datetime","com.atlassian.jira.plugin.system.customfieldtypes:datetime"
"customfield_14700","影响范围分析","True","True","True","cf[14700]|影响范围分析","string","com.atlassian.jira.plugin.system.customfieldtypes:textarea"
"customfield_10101","临时解决措施","True","True","True","cf[10101]|临时解决措施","string","com.atlassian.jira.plugin.system.customfieldtypes:textarea"
"customfield_14701","自测是否通过","True","True","True","cf[14701]|自测是否通过","option","com.atlassian.jira.plugin.system.customfieldtypes:select"
"customfield_10102","原型机/派生机选择","True","True","True","cf[10102]|原型机/派生机选择","array","com.atlassian.jira.plugin.system.customfieldtypes:multiselect"
"customfield_10103","受影响的KPI指标-软件","True","True","True","cf[10103]|受影响的KPI指标-软件","array","com.atlassian.jira.plugin.system.customfieldtypes:multiselect"
"timeestimate","剩余时间","False","False","False","remainingEstimate|timeestimate","number",
"customfield_27000","测试主管","True","True","True","cf[27000]|测试主管","user","com.atlassian.jira.plugin.system.customfieldtypes:userpicker"
"status","状态","False","False","True","status","status",
"customfield_21102","审批人员","True","True","True","cf[21102]|审批人员","array","com.atlassian.jira.plugin.system.customfieldtypes:multiuserpicker"
"customfield_21101","项目难度","True","True","True","cf[21101]|项目难度","option","com.atlassian.jira.plugin.system.customfieldtypes:select"
"customfield_21100","原型机项目Key","True","True","True","cf[21100]|原型机项目Key","string","com.atlassian.jira.plugin.system.customfieldtypes:textfield"
"customfield_11300","计划完成时间","True","True","True","cf[11300]|计划完成时间","date","com.atlassian.jira.plugin.system.customfieldtypes:datepicker"
"customfield_15900","风险严重度","True","True","True","cf[15900]|风险严重度","option","com.atlassian.jira.plugin.system.customfieldtypes:select"
"customfield_11302","issueFunction","True","True","True","cf[11302]|issueFunction","any","com.onresolve.jira.groovy.groovyrunner:jqlFunctionsCustomFieldType"
"customfield_13600","是否已录入共性问题库","True","True","True","cf[13600]|是否已录入共性问题库","option","com.atlassian.jira.plugin.system.customfieldtypes:select"
"customfield_12502","解决方式","True","True","True","cf[12502]|解决方式","option","com.atlassian.jira.plugin.system.customfieldtypes:select"
"customfield_14802","措施落地实施时间","True","True","True","cf[14802]|措施落地实施时间","date","com.atlassian.jira.plugin.system.customfieldtypes:datepicker"
"aggregatetimeestimate","Σ 预估剩余时间","False","False","False","","number",
"customfield_20006","软件规格符合率(%)","True","True","True","cf[20006]|软件规格符合率(%)","number","com.atlassian.jira.plugin.system.customfieldtypes:float"
"customfield_20007","软件规格实现测试通过率(%)","True","True","True","cf[20007]|软件规格实现测试通过率(%)","number","com.atlassian.jira.plugin.system.customfieldtypes:float"
"customfield_20004","分管领导","True","True","True","cf[20004]|分管领导","user","com.atlassian.jira.plugin.system.customfieldtypes:userpicker"
"customfield_20005","测试部门长","True","True","True","cf[20005]|测试部门长","user","com.atlassian.jira.plugin.system.customfieldtypes:userpicker"
"customfield_20002","所长","True","True","True","cf[20002]|所长","user","com.atlassian.jira.plugin.system.customfieldtypes:userpicker"
"customfield_20003","软件部门长","True","True","True","cf[20003]|软件部门长","user","com.atlassian.jira.plugin.system.customfieldtypes:userpicker"
"creator","创建者","False","False","True","creator","user",
"customfield_22300","第二审核人","True","True","True","cf[22300]|第二审核人","user","com.atlassian.jira.plugin.system.customfieldtypes:userpicker"
"customfield_20001","室主任","True","True","True","cf[20001]|室主任","user","com.atlassian.jira.plugin.system.customfieldtypes:userpicker"
"customfield_10200","【推荐优先级】Priority recommended","True","True","True","cf[10200]|【推荐优先级】Priority recommended","string","com.atlassian.jira.plugin.system.customfieldtypes:textfield"
"customfield_14800","措施落地情况说明","True","True","True","cf[14800]|措施落地情况说明","string","com.atlassian.jira.plugin.system.customfieldtypes:textarea"
"customfield_10201","成熟度等级State of maturity","True","True","True","cf[10201]|成熟度等级State of maturity","option","com.atlassian.jira.plugin.system.customfieldtypes:select"
"customfield_12501","问题解决依据","True","True","True","cf[12501]|问题解决依据","string","com.atlassian.jira.plugin.system.customfieldtypes:textarea"
"customfield_12500","是否为KeyPRD","True","True","True","cf[12500]|是否为KeyPRD","option","com.atlassian.jira.plugin.system.customfieldtypes:select"
"customfield_19002","申诉原因说明","True","True","True","cf[19002]|申诉原因说明","string","com.atlassian.jira.plugin.system.customfieldtypes:textfield"
"customfield_19003","申诉实际责任人","True","True","True","cf[19003]|申诉实际责任人","user","com.atlassian.jira.plugin.system.customfieldtypes:userpicker"
"customfield_23900","PLM链接","True","True","True","cf[23900]|PLM链接","string","com.atlassian.jira.plugin.system.customfieldtypes:url"
"customfield_21200","安全点检表执行率(%)","True","True","True","cf[21200]|安全点检表执行率(%)","number","com.atlassian.jira.plugin.system.customfieldtypes:float"
"customfield_19004","是否需要申诉","True","True","True","cf[19004]|是否需要申诉","option","com.atlassian.jira.plugin.system.customfieldtypes:select"
"customfield_19005","申诉原因","True","True","True","cf[19005]|申诉原因","option","com.atlassian.jira.plugin.system.customfieldtypes:select"
"timespent","耗费时间","False","False","False","timespent","number",
"aggregatetimespent","Σ 耗费时间","False","False","False","","number",
"customfield_13700","应用所属产品线","True","True","True","cf[13700]|应用所属产品线","option","com.atlassian.jira.plugin.system.customfieldtypes:select"
"customfield_12601","适用市场","True","True","True","cf[12601]|适用市场","array","com.atlassian.jira.plugin.system.customfieldtypes:multiselect"
"customfield_14900","评审结论","True","True","True","cf[14900]|评审结论","option","com.atlassian.jira.plugin.system.customfieldtypes:select"
"customfield_28000","集成任务类型","True","True","True","cf[28000]|集成任务类型","option","com.atlassian.jira.plugin.system.customfieldtypes:select"
"workratio","工作比率","False","False","True","workratio","number",
"customfield_20101","不符合项类别","True","True","True","cf[20101]|不符合项类别","array","com.atlassian.jira.plugin.system.customfieldtypes:multiselect"
"customfield_22400","问题解决结果","True","True","True","cf[22400]|问题解决结果","string","com.atlassian.jira.plugin.system.customfieldtypes:textfield"
"customfield_20100","Notice方式","True","True","True","cf[20100]|Notice方式","array","com.atlassian.jira.plugin.system.customfieldtypes:multicheckboxes"
"customfield_10300","缺陷来源（HW）","True","True","True","cf[10300]|缺陷来源（HW）","option","com.atlassian.jira.plugin.system.customfieldtypes:select"
"customfield_12600","适用机芯/方案（外销）","True","True","True","cf[12600]|适用机芯/方案（外销）","array","com.atlassian.jira.plugin.system.customfieldtypes:multiselect"
"customfield_11510","关联产品方案门类","True","True","True","cf[11510]|关联产品方案门类","option","com.atlassian.jira.plugin.system.customfieldtypes:select"
"customfield_11502","横向枚举场景/相关场景-废弃","True","True","True","cf[11502]|横向枚举场景/相关场景-废弃","string","com.atlassian.jira.plugin.system.customfieldtypes:textfield"
"customfield_13801","验证方法","True","True","True","cf[13801]|验证方法","string","com.atlassian.jira.plugin.system.customfieldtypes:textarea"
"customfield_13800","处置措施","True","True","True","cf[13800]|处置措施","string","com.atlassian.jira.plugin.system.customfieldtypes:textarea"
"customfield_11504","竞品分析","True","True","True","cf[11504]|竞品分析","string","com.atlassian.jira.plugin.system.customfieldtypes:textarea"
"customfield_11503","产品方案需求提炼","True","True","True","cf[11503]|产品方案需求提炼","string","com.atlassian.jira.plugin.system.customfieldtypes:textfield"
"customfield_13802","问题分析","True","True","True","cf[13802]|问题分析","option","com.atlassian.jira.plugin.system.customfieldtypes:select"
"customfield_11506","需求实现","True","True","True","cf[11506]|需求实现","string","com.atlassian.jira.plugin.system.customfieldtypes:textarea"
"customfield_11505","技术评估结果","True","True","True","cf[11505]|技术评估结果","string","com.atlassian.jira.plugin.system.customfieldtypes:textarea"
"customfield_11508","说明书类型","True","True","True","cf[11508]|说明书类型","option","com.atlassian.jira.plugin.system.customfieldtypes:select"
"customfield_11507","会议纪要","True","True","True","cf[11507]|会议纪要","string","com.atlassian.jira.plugin.system.customfieldtypes:textarea"
"customfield_11509","软件阶段","True","True","True","cf[11509]|软件阶段","option","com.atlassian.jira.plugin.system.customfieldtypes:select"
"customfield_21301","审批任务类型","True","True","True","cf[21301]|审批任务类型","option","com.atlassian.jira.plugin.system.customfieldtypes:select"
"customfield_23800","同步失败类型","True","True","True","cf[23800]|同步失败类型","array","com.atlassian.jira.plugin.system.customfieldtypes:multicheckboxes"
"customfield_21300","申诉实际责任人领导","True","True","True","cf[21300]|申诉实际责任人领导","user","com.atlassian.jira.plugin.system.customfieldtypes:userpicker"
"customfield_19100","项目列表","True","True","True","cf[19100]|项目列表","project","com.atlassian.jira.plugin.system.customfieldtypes:project"
"customfield_11500","说明书测试版本","True","True","True","cf[11500]|说明书测试版本","string","com.atlassian.jira.plugin.system.customfieldtypes:textfield"
"customfield_20200","静态代码检查任务地址","True","True","True","cf[20200]|静态代码检查任务地址","string","com.atlassian.jira.plugin.system.customfieldtypes:url"
"customfield_18000","科室","True","True","True","cf[18000]|科室","string","com.atlassian.jira.plugin.system.customfieldtypes:textfield"
"customfield_10400","结构评审阶段","True","True","True","cf[10400]|结构评审阶段","option","com.atlassian.jira.plugin.system.customfieldtypes:select"
"customfield_13900","【信息提供日期】Information Reporting Date","True","True","True","cf[13900]|【信息提供日期】Information Reporting Date","date","com.atlassian.jira.plugin.system.customfieldtypes:datepicker"
"customfield_11600","影响项目","True","True","True","cf[11600]|影响项目","array","com.atlassian.jira.plugin.system.customfieldtypes:multiselect"
"customfield_11603","说明书修复版本","True","True","True","cf[11603]|说明书修复版本","string","com.atlassian.jira.plugin.system.customfieldtypes:textfield"
"customfield_11604","说明书验证版本","True","True","True","cf[11604]|说明书验证版本","string","com.atlassian.jira.plugin.system.customfieldtypes:textfield"
"customfield_21401","Reopen申诉问题","True","True","True","cf[21401]|Reopen申诉问题","string","com.atlassian.jira.plugin.system.customfieldtypes:textfield"
"customfield_13100","Owner","True","True","True","cf[13100]|Owner","string","com.atlassian.jira.plugin.system.customfieldtypes:textfield"
"customfield_17700","电视产品线","True","True","True","cf[17700]|电视产品线","option","com.atlassian.jira.plugin.system.customfieldtypes:select"
"customfield_15400","需求澄清结果","True","True","True","cf[15400]|需求澄清结果","string","com.atlassian.jira.plugin.system.customfieldtypes:textarea"
"customfield_15401","VIDAA版本","True","True","True","cf[15401]|VIDAA版本","array","com.atlassian.jira.plugin.system.customfieldtypes:multiselect"
"customfield_13101","Requested resolve date","True","True","True","cf[13101]|Requested resolve date","datetime","com.atlassian.jira.plugin.system.customfieldtypes:datetime"
"customfield_13104","Actual issue date","True","True","True","Actual issue date|cf[13104]","datetime","com.atlassian.jira.plugin.system.customfieldtypes:datetime"
"customfield_17703","详细描述","True","True","True","cf[17703]|详细描述","string","com.atlassian.jira.plugin.system.customfieldtypes:textarea"
"customfield_13106","Root cause","True","True","True","cf[13106]|Root cause","string","com.atlassian.jira.plugin.system.customfieldtypes:textarea"
"customfield_17702","评估意见","True","True","True","cf[17702]|评估意见","string","com.atlassian.jira.plugin.system.customfieldtypes:textarea"
"customfield_17701","变更工作量","True","True","True","cf[17701]|变更工作量","option","com.atlassian.jira.plugin.system.customfieldtypes:select"
"customfield_26300","PRD是否需要基线","True","True","True","cf[26300]|PRD是否需要基线","option","com.atlassian.jira.plugin.system.customfieldtypes:radiobuttons"
"customfield_24000","应用版本","True","True","True","cf[24000]|应用版本","issuelinks","com.onresolve.jira.groovy.groovyrunner:single-issue-picker-cf"
"customfield_16600","Pending/Defer/Won't Fix/not a bug解决结果","True","True","True","cf[16600]|Pending/Defer/Won't Fix/not a bug解决结果","option","com.atlassian.jira.plugin.system.customfieldtypes:select"
"customfield_18900","产品线","True","True","True","cf[18900]|产品线","option","com.atlassian.jira.plugin.system.customfieldtypes:select"
"customfield_14300","变更方式","True","True","True","cf[14300]|变更方式","option","com.atlassian.jira.plugin.system.customfieldtypes:radiobuttons"
"customfield_12002","漏测根因分析","True","True","True","cf[12002]|漏测根因分析","string","com.atlassian.jira.plugin.system.customfieldtypes:textarea"
"customfield_12004","改善措施责任人","True","True","True","cf[12004]|改善措施责任人","string","com.atlassian.jira.plugin.system.customfieldtypes:textfield"
"customfield_12003","后续改善措施","True","True","True","cf[12003]|后续改善措施","string","com.atlassian.jira.plugin.system.customfieldtypes:textarea"
"customfield_12006","项目类型","True","True","True","cf[12006]|项目类型","option","com.atlassian.jira.plugin.system.customfieldtypes:select"
"labels","标签","False","True","True","labels","array",
"customfield_12005","预计完成时间","True","True","True","cf[12005]|预计完成时间","date","com.atlassian.jira.plugin.system.customfieldtypes:datepicker"
"customfield_25100","SVN版本号","True","True","True","cf[25100]|SVN版本号","string","com.atlassian.jira.plugin.system.customfieldtypes:textarea"
"customfield_27400","评审物地址","True","True","True","cf[27400]|评审物地址","string","com.atlassian.jira.plugin.system.customfieldtypes:textfield"
"components","模块","False","True","True","component","array",
"customfield_23000","hash","True","True","True","cf[23000]|hash","string","com.atlassian.jira.plugin.system.customfieldtypes:textfield"
"customfield_15500","设计变更内容","True","True","True","cf[15500]|设计变更内容","option","com.atlassian.jira.plugin.system.customfieldtypes:select"
"customfield_13201","原因类别(NC)","True","True","True","cf[13201]|原因类别(NC)","option","com.atlassian.jira.plugin.system.customfieldtypes:select"
"customfield_13200","NC类别","True","True","True","cf[13200]|NC类别","option","com.atlassian.jira.plugin.system.customfieldtypes:radiobuttons"
"customfield_17802","问题可发现阶段","True","True","True","cf[17802]|问题可发现阶段","option","com.atlassian.jira.plugin.system.customfieldtypes:select"
"customfield_17800","共性问题","True","True","True","cf[17800]|共性问题","option","com.atlassian.jira.plugin.system.customfieldtypes:select"
"customfield_26200","提示","True","True","True","cf[26200]|提示","string","com.atlassian.jira.plugin.system.customfieldtypes:textarea"
"customfield_14400","二级模块","True","True","True","cf[14400]|二级模块","option","com.atlassian.jira.plugin.system.customfieldtypes:select"
"customfield_11131","发布类型","True","True","True","cf[11131]|发布类型","option","com.atlassian.jira.plugin.system.customfieldtypes:select"
"reporter","报告人","False","True","True","reporter","user",
"customfield_11132","计划开始时间","True","True","True","cf[11132]|计划开始时间","date","com.atlassian.jira.plugin.system.customfieldtypes:datepicker"
"customfield_12100","测试模块","True","True","True","cf[12100]|测试模块","option","com.atlassian.jira.plugin.system.customfieldtypes:select"
"customfield_11133","计划关闭时间","True","True","True","cf[11133]|计划关闭时间","date","com.atlassian.jira.plugin.system.customfieldtypes:datepicker"
"customfield_11134","来源产品系列","True","True","True","cf[11134]|来源产品系列","option-with-child","com.atlassian.jira.plugin.system.customfieldtypes:cascadingselect"
"customfield_11135","来源产品模块","True","True","True","cf[11135]|来源产品模块","option","com.atlassian.jira.plugin.system.customfieldtypes:select"
"customfield_16701","Defer计划解决日期","True","True","True","cf[16701]|Defer计划解决日期","date","com.atlassian.jira.plugin.system.customfieldtypes:datepicker"
"customfield_11136","问题联系人","True","True","True","cf[11136]|问题联系人","string","com.atlassian.jira.plugin.system.customfieldtypes:textfield"
"customfield_16700","对标分析","True","True","True","cf[16700]|对标分析","string","com.atlassian.jira.plugin.system.customfieldtypes:textarea"
"customfield_11137","需求分类及强烈程度和发生频率","True","True","True","cf[11137]|需求分类及强烈程度和发生频率","option-with-child","com.atlassian.jira.plugin.system.customfieldtypes:cascadingselect"
"customfield_11127","不符合项描述","True","True","True","cf[11127]|不符合项描述","string","com.atlassian.jira.plugin.system.customfieldtypes:textarea"
"customfield_25000","关闭子流水线记录ID","True","True","True","cf[25000]|关闭子流水线记录ID","string","com.atlassian.jira.plugin.system.customfieldtypes:textfield"
"customfield_25001","子流水线记录ID","True","True","True","cf[25001]|子流水线记录ID","string","com.atlassian.jira.plugin.system.customfieldtypes:textfield"
"progress","进度","False","False","False","progress","progress",
"customfield_27300","评审物地址-1","True","True","True","cf[27300]|评审物地址-1","string","com.atlassian.jira.plugin.system.customfieldtypes:url"
"customfield_23100","是否紧急问题","True","True","True","cf[23100]|是否紧急问题","option","com.atlassian.jira.plugin.system.customfieldtypes:radiobuttons"
"customfield_10150","软件过程","True","True","True","cf[10150]|软件过程","option","com.atlassian.jira.plugin.system.customfieldtypes:select"
"customfield_10151","交付物","True","True","True","cf[10151]|交付物","string","com.atlassian.jira.plugin.system.customfieldtypes:textfield"
"project","项目","False","False","True","project","project",
"customfield_10031","Reopen Number","True","True","True","cf[10031]|Reopen Number","number","com.atlassian.jira.plugin.system.customfieldtypes:float"
"customfield_10152","违反规程","True","True","True","cf[10152]|违反规程","string","com.atlassian.jira.plugin.system.customfieldtypes:textfield"
"customfield_13300","Model #","True","True","True","cf[13300]|Model #","string","com.atlassian.jira.plugin.system.customfieldtypes:textarea"
"customfield_11121","审核意见","True","True","True","cf[11121]|审核意见","string","com.atlassian.jira.plugin.system.customfieldtypes:textarea"
"customfield_10032","措施类别","True","True","True","cf[10032]|措施类别","option","com.atlassian.jira.plugin.system.customfieldtypes:select"
"customfield_10153","纠正措施","True","True","True","cf[10153]|纠正措施","string","com.atlassian.jira.plugin.system.customfieldtypes:textarea"
"customfield_10033","Progress Indicator","True","True","True","cf[10033]|Progress Indicator","number","com.atlassian.jira.plugin.system.customfieldtypes:float"
"customfield_11122","审批意见","True","True","True","cf[11122]|审批意见","string","com.atlassian.jira.plugin.system.customfieldtypes:textarea"
"customfield_13302","Serial number","True","True","True","cf[13302]|Serial number","string","com.atlassian.jira.plugin.system.customfieldtypes:textarea"
"customfield_10034","实际解决日期","True","True","True","cf[10034]|实际解决日期","date","com.atlassian.jira.plugin.system.customfieldtypes:datepicker"
"customfield_11002","计划解决时间Plannning time of solving","True","True","True","cf[11002]|计划解决时间Plannning time of solving","date","com.atlassian.jira.plugin.system.customfieldtypes:datepicker"
"customfield_13301","Service code","True","True","True","cf[13301]|Service code","string","com.atlassian.jira.plugin.system.customfieldtypes:textarea"
"customfield_10035","专业意见","True","True","True","cf[10035]|专业意见","string","com.atlassian.jira.plugin.system.customfieldtypes:textarea"
"customfield_11003","低级缺陷","True","True","True","cf[11003]|低级缺陷","option-with-child","com.atlassian.jira.plugin.system.customfieldtypes:cascadingselect"
"customfield_15600","产品经理","True","True","True","cf[15600]|产品经理","user","com.atlassian.jira.plugin.system.customfieldtypes:userpicker"
"customfield_17900","是否需要补充自动化用例","True","True","True","cf[17900]|是否需要补充自动化用例","option","com.atlassian.jira.plugin.system.customfieldtypes:radiobuttons"
"customfield_10157","问题严重性","True","True","True","cf[10157]|问题严重性","option-with-child","com.atlassian.jira.plugin.system.customfieldtypes:cascadingselect"
"customfield_13303","Software version","True","True","True","cf[13303]|Software version","string","com.atlassian.jira.plugin.system.customfieldtypes:textarea"
"customfield_10148","问题类别","True","True","True","cf[10148]|问题类别","option","com.atlassian.jira.plugin.system.customfieldtypes:radiobuttons"
"customfield_10028","关闭日期","True","True","True","cf[10028]|关闭日期","date","com.atlassian.jira.plugin.system.customfieldtypes:datepicker"
"customfield_10149","问题归属","True","True","True","cf[10149]|问题归属","option","com.atlassian.jira.plugin.system.customfieldtypes:select"
"resolutiondate","解决","False","False","True","resolutiondate|resolved","datetime",
"customfield_26100","双方负责人","True","True","True","cf[26100]|双方负责人","string","com.atlassian.jira.plugin.system.customfieldtypes:textarea"
"watches","关注人","False","False","False","watchers","watches",
"customfield_22000","变更相关任务","True","True","True","cf[22000]|变更相关任务","array","com.atlassian.jira.plugin.system.customfieldtypes:multicheckboxes"
"customfield_10140","是否不定时出现Whether a random phenomenon","True","True","True","cf[10140]|是否不定时出现Whether a random phenomenon","option","com.atlassian.jira.plugin.system.customfieldtypes:select"
"customfield_10141","预防措施","True","True","True","cf[10141]|预防措施","string","com.atlassian.jira.plugin.system.customfieldtypes:textarea"
"customfield_10020","验证版本Verify version","True","True","True","cf[10020]|验证版本Verify version","version","com.atlassian.jira.plugin.system.customfieldtypes:version"
"customfield_12200","低效缺陷报告","True","True","True","cf[12200]|低效缺陷报告","option","com.atlassian.jira.plugin.system.customfieldtypes:select"
"customfield_10142","编码开发计划完成时间","True","True","True","cf[10142]|编码开发计划完成时间","date","com.atlassian.jira.plugin.system.customfieldtypes:datepicker"
"customfield_10021","重打开原因Causes of Reopen","True","True","True","cf[10021]|重打开原因Causes of Reopen","option","com.atlassian.jira.plugin.system.customfieldtypes:select"
"customfield_10022","重打开理由","True","True","True","cf[10022]|重打开理由","string","com.atlassian.jira.plugin.system.customfieldtypes:textarea"
"customfield_12202","DI统计","True","True","True","cf[12202]|DI统计","option","com.atlassian.jira.plugin.system.customfieldtypes:select"
"customfield_10144","记录人","True","True","True","cf[10144]|记录人","array","com.atlassian.jira.plugin.system.customfieldtypes:multiuserpicker"
"customfield_10024","关闭方式Merhods of varifying","True","True","True","cf[10024]|关闭方式Merhods of varifying","option","com.atlassian.jira.plugin.system.customfieldtypes:radiobuttons"
"customfield_10145","记录内容","True","True","True","cf[10145]|记录内容","string","com.atlassian.jira.plugin.system.customfieldtypes:textarea"
"customfield_10146","原因类别","True","True","True","cf[10146]|原因类别","option","com.atlassian.jira.plugin.system.customfieldtypes:select"
"customfield_10025","挂起原因Causes of Pending","True","True","True","cf[10025]|挂起原因Causes of Pending","option","com.atlassian.jira.plugin.system.customfieldtypes:select"
"customfield_16800","第一审核人","True","True","True","cf[16800]|第一审核人","user","com.atlassian.jira.plugin.system.customfieldtypes:userpicker"
"customfield_14500","第三方责任人","True","True","True","cf[14500]|第三方责任人","user","com.atlassian.jira.plugin.system.customfieldtypes:userpicker"
"customfield_10147","措施类别(ME)","True","True","True","cf[10147]|措施类别(ME)","option","com.atlassian.jira.plugin.system.customfieldtypes:select"
"customfield_12203","问题影响","True","True","True","cf[12203]|问题影响","option","com.atlassian.jira.plugin.system.customfieldtypes:select"
"customfield_10026","风险评估Risk assessment","True","True","True","cf[10026]|风险评估Risk assessment","option","com.atlassian.jira.plugin.system.customfieldtypes:select"
"customfield_10016","原因类别(SE)","True","True","True","cf[10016]|原因类别(SE)","option","com.atlassian.jira.plugin.system.customfieldtypes:select"
"customfield_10137","问题级别Serious Degree","True","True","True","cf[10137]|问题级别Serious Degree","option","com.atlassian.jira.plugin.system.customfieldtypes:select"
"customfield_10138","客户联系人Contacts","True","True","True","cf[10138]|客户联系人Contacts","string","com.atlassian.jira.plugin.system.customfieldtypes:textfield"
"customfield_11106","机型系列或机型","True","True","True","cf[11106]|机型系列或机型","string","com.atlassian.jira.plugin.system.customfieldtypes:textarea"
"customfield_10017","解决措施Solutions","True","True","True","cf[10017]|解决措施Solutions","string","com.atlassian.jira.plugin.system.customfieldtypes:textarea"
"customfield_10018","措施分类Solutions Classification","True","True","True","cf[10018]|措施分类Solutions Classification","option","com.atlassian.jira.plugin.system.customfieldtypes:select"
"customfield_10019","缺陷发生原因","True","True","True","cf[10019]|缺陷发生原因","option","com.atlassian.jira.plugin.system.customfieldtypes:select"
"customfield_27200","评审JIRAID","True","True","True","cf[27200]|评审JIRAID","string","com.atlassian.jira.plugin.system.customfieldtypes:textfield"
"updated","更新","False","False","True","updated|updatedDate","datetime",
"customfield_23200","关闭流水线记录ID","True","True","True","cf[23200]|关闭流水线记录ID","string","com.atlassian.jira.plugin.system.customfieldtypes:textfield"
"timeoriginalestimate","原预估时间","False","False","False","originalEstimate|timeoriginalestimate","number",
"description","描述","False","True","True","description","string",
"customfield_10130","任务开始时间","True","True","True","cf[10130]|任务开始时间","datetime","com.atlassian.jira.plugin.system.customfieldtypes:datetime"
"customfield_10131","【是否下发升级软件】","True","True","True","cf[10131]|【是否下发升级软件】","option","com.atlassian.jira.plugin.system.customfieldtypes:select"
"customfield_10010","实验项目","True","True","True","cf[10010]|实验项目","string","com.atlassian.jira.plugin.system.customfieldtypes:textfield"
"customfield_10132","【是否整合软件】","True","True","True","cf[10132]|【是否整合软件】","option","com.atlassian.jira.plugin.system.customfieldtypes:select"
"customfield_10011","发现日期","True","True","True","cf[10011]|发现日期","date","com.atlassian.jira.plugin.system.customfieldtypes:datepicker"
"customfield_10133","【细分类别】Detailed Classification","True","True","True","cf[10133]|【细分类别】Detailed Classification","option","com.atlassian.jira.plugin.system.customfieldtypes:select"
"customfield_15701","上传代码前是否编译通过","True","True","True","cf[15701]|上传代码前是否编译通过","option","com.atlassian.jira.plugin.system.customfieldtypes:select"
"customfield_10012","测试主体","True","True","True","cf[10012]|测试主体","option","com.atlassian.jira.plugin.system.customfieldtypes:radiobuttons"
"customfield_13400","【推荐优先级（海视云）】","True","True","True","cf[13400]|【推荐优先级（海视云）】","string","com.atlassian.jira.plugin.system.customfieldtypes:textfield"
"customfield_10134","【解决方法】","True","True","True","cf[10134]|【解决方法】","string","com.atlassian.jira.plugin.system.customfieldtypes:textarea"
"customfield_10013","运营商用例级别","True","True","True","cf[10013]|运营商用例级别","option","com.atlassian.jira.plugin.system.customfieldtypes:select"
"customfield_10135","【问题产生日期】Issue Occuring Date","True","True","True","cf[10135]|【问题产生日期】Issue Occuring Date","date","com.atlassian.jira.plugin.system.customfieldtypes:datepicker"
"customfield_10014","测试类别Test category","True","True","True","cf[10014]|测试类别Test category","option","com.atlassian.jira.plugin.system.customfieldtypes:select"
"customfield_15700","LOG URL","True","True","True","cf[15700]|LOG URL","string","com.atlassian.jira.plugin.system.customfieldtypes:textfield"
"customfield_10015","原因分析结果RCA result","True","True","True","cf[10015]|原因分析结果RCA result","string","com.atlassian.jira.plugin.system.customfieldtypes:textarea"
"customfield_10136","超期","True","True","True","cf[10136]|超期","option","com.atlassian.jira.plugin.system.customfieldtypes:select"
"customfield_10126","【原因分析】","True","True","True","cf[10126]|【原因分析】","string","com.atlassian.jira.plugin.system.customfieldtypes:textarea"
"customfield_10005","发生概率Probability","True","True","True","cf[10005]|发生概率Probability","option","com.atlassian.jira.plugin.system.customfieldtypes:select"
"customfield_10006","测试用例标识Test case ID","True","True","True","cf[10006]|测试用例标识Test case ID","string","com.atlassian.jira.plugin.system.customfieldtypes:textfield"
"customfield_10007","测试地点Test Location","True","True","True","cf[10007]|测试地点Test Location","string","com.atlassian.jira.plugin.system.customfieldtypes:textfield"
"customfield_10129","任务结束时间","True","True","True","cf[10129]|任务结束时间","datetime","com.atlassian.jira.plugin.system.customfieldtypes:datetime"
"customfield_10008","测试执行者Tester","True","True","True","cf[10008]|测试执行者Tester","string","com.atlassian.jira.plugin.system.customfieldtypes:textfield"
"customfield_10009","开发阶段","True","True","True","cf[10009]|开发阶段","option","com.atlassian.jira.plugin.system.customfieldtypes:select"
"customfield_26000","独立应用软件版本发布评审报告SVN地址","True","True","True","cf[26000]|独立应用软件版本发布评审报告SVN地址","string","com.atlassian.jira.plugin.system.customfieldtypes:textfield"
"summary","主题","False","True","True","summary","string",
"customfield_22100","Git","True","True","True","cf[22100]|Git","string","com.atlassian.jira.plugin.system.customfieldtypes:textfield"
"customfield_10120","问题类型判断","True","True","True","cf[10120]|问题类型判断","array","com.atlassian.jira.plugin.system.customfieldtypes:multiselect"
"customfield_10121","问题重现步骤","True","True","True","cf[10121]|问题重现步骤","string","com.atlassian.jira.plugin.system.customfieldtypes:textarea"
"customfield_16901","静态代码问题类别","True","True","True","cf[16901]|静态代码问题类别","string","com.atlassian.jira.plugin.system.customfieldtypes:textarea"
"customfield_10122","项目阶段","True","True","True","cf[10122]|项目阶段","option","com.atlassian.jira.plugin.system.customfieldtypes:select"
"customfield_10002","产品型号Product Model","True","True","True","cf[10002]|产品型号Product Model","string","com.atlassian.jira.plugin.system.customfieldtypes:textfield"
"customfield_12300","是否需进入共性问题库","True","True","True","cf[12300]|是否需进入共性问题库","option","com.atlassian.jira.plugin.system.customfieldtypes:select"
"customfield_10123","软件主设计","True","True","True","cf[10123]|软件主设计","user","com.atlassian.jira.plugin.system.customfieldtypes:userpicker"
"customfield_10003","业务场景Scenario","True","True","True","cf[10003]|业务场景Scenario","option","com.atlassian.jira.plugin.system.customfieldtypes:select"
"customfield_10124","进度状态","True","True","True","cf[10124]|进度状态","option","com.atlassian.jira.plugin.system.customfieldtypes:select"
"customfield_10125","【升级软件存放路径】","True","True","True","cf[10125]|【升级软件存放路径】","string","com.atlassian.jira.plugin.system.customfieldtypes:textfield"
"customfield_14600","对策","True","True","True","cf[14600]|对策","string","com.atlassian.jira.plugin.system.customfieldtypes:textarea"
"customfield_10004","影响程度Impact","True","True","True","cf[10004]|影响程度Impact","option","com.atlassian.jira.plugin.system.customfieldtypes:select"
"customfield_10115","软件设计人员","True","True","True","cf[10115]|软件设计人员","string","com.atlassian.jira.plugin.system.customfieldtypes:textfield"
"customfield_11205","责任人","True","True","True","cf[11205]|责任人","string","com.atlassian.jira.plugin.system.customfieldtypes:textfield"
"customfield_10116","重复问题链接地址","True","True","True","cf[10116]|重复问题链接地址","string","com.atlassian.jira.plugin.system.customfieldtypes:url"
"customfield_15802","Patch ID","True","True","True","cf[15802]|Patch ID","string","com.atlassian.jira.plugin.system.customfieldtypes:textfield"
"customfield_11206","国家/地区Nation\Region","True","True","True","cf[11206]|国家/地区Nation\Region","string","com.atlassian.jira.plugin.system.customfieldtypes:textfield"
"customfield_11207","【后续改善措施】","True","True","True","cf[11207]|【后续改善措施】","string","com.atlassian.jira.plugin.system.customfieldtypes:textarea"
"customfield_10118","问题出现日期","True","True","True","cf[10118]|问题出现日期","date","com.atlassian.jira.plugin.system.customfieldtypes:datepicker"
"customfield_11208","【解决方案】","True","True","True","cf[11208]|【解决方案】","string","com.atlassian.jira.plugin.system.customfieldtypes:textarea"
"customfield_10119","问题报告部门","True","True","True","cf[10119]|问题报告部门","option","com.atlassian.jira.plugin.system.customfieldtypes:select"
"customfield_27100","问题引入Patch ID","True","True","True","cf[27100]|问题引入Patch ID","string","com.atlassian.jira.plugin.system.customfieldtypes:textfield"
"comment","备注","False","True","True","comment","comments-page",
"customfield_15000","评估结论","True","True","True","cf[15000]|评估结论","string","com.atlassian.jira.plugin.system.customfieldtypes:textarea"
"customfield_17300","责任部门","True","True","True","cf[17300]|责任部门","array","com.atlassian.jira.plugin.system.customfieldtypes:multiselect"
"fixVersions","修复版本","False","True","True","fixVersion","array",
"customfield_10900","产品机型","True","True","True","cf[10900]|产品机型","string","com.atlassian.jira.plugin.system.customfieldtypes:textfield"
"customfield_24400","KANO分类","True","True","True","cf[24400]|KANO分类","option","com.atlassian.jira.plugin.system.customfieldtypes:select"
"customfield_20700","是否按照审批矩阵创建审批任务","True","True","True","cf[20700]|是否按照审批矩阵创建审批任务","option","com.atlassian.jira.plugin.system.customfieldtypes:radiobuttons"
"customfield_24401","需求可行性评估","True","True","True","cf[24401]|需求可行性评估","string","com.atlassian.jira.plugin.system.customfieldtypes:textarea"
"customfield_24402","场景调研情况","True","True","True","cf[24402]|场景调研情况","string","com.atlassian.jira.plugin.system.customfieldtypes:textarea"
"customfield_26701","变更次数","True","True","True","cf[26701]|变更次数","number","com.atlassian.jira.plugin.system.customfieldtypes:float"
"customfield_24403","实际完成时间","True","True","True","cf[24403]|实际完成时间","date","com.atlassian.jira.plugin.system.customfieldtypes:datepicker"
"customfield_16200","Epic Link","True","True","True","cf[16200]|Epic Link","any","com.pyxis.greenhopper.jira:gh-epic-link"
"customfield_16204","Sprint","True","True","True","cf[16204]|Sprint","array","com.pyxis.greenhopper.jira:gh-sprint"
"customfield_16203","Epic Colour","True","True","True","cf[16203]|Epic Colour","string","com.pyxis.greenhopper.jira:gh-epic-color"
"customfield_16202","Epic Name","True","True","True","cf[16202]|Epic Name","string","com.pyxis.greenhopper.jira:gh-epic-label"
"customfield_16201","Epic Status","True","True","True","cf[16201]|Epic Status","option","com.pyxis.greenhopper.jira:gh-epic-status"
"priority","优先级","False","True","True","priority","priority",
"customfield_16208","Story Points","True","True","True","cf[16208]|Story Points","number","com.atlassian.jira.plugin.system.customfieldtypes:float"
"customfield_18500","周报","True","True","True","cf[18500]|周报","string","com.atlassian.jira.plugin.system.customfieldtypes:textarea"
"customfield_16207","Epic/Theme","True","True","True","cf[16207]|Epic/Theme","array","com.atlassian.jira.plugin.system.customfieldtypes:labels"
"customfield_16206","Flagged","True","True","True","cf[16206]|Flagged","array","com.atlassian.jira.plugin.system.customfieldtypes:multicheckboxes"
"customfield_16205","Rank","True","True","True","cf[16205]|Rank","any","com.pyxis.greenhopper.jira:gh-lexo-rank"
"versions","影响版本","False","True","True","affectedVersion","array",
"customfield_21900","论证类型","True","True","True","cf[21900]|论证类型","option","com.atlassian.jira.plugin.system.customfieldtypes:radiobuttons"
"customfield_27800","放行结论","True","True","True","cf[27800]|放行结论","string","com.atlassian.jira.plugin.system.customfieldtypes:textarea"
"customfield_25500","论证需求来源+类型","True","True","True","cf[25500]|论证需求来源+类型","option-with-child","com.atlassian.jira.plugin.system.customfieldtypes:cascadingselect"
"issuekey","标识","False","False","False","id|issue|issuekey|key",,
"customfield_15100","评估人员","True","True","True","cf[15100]|评估人员","array","com.atlassian.jira.plugin.system.customfieldtypes:multiuserpicker"
"customfield_15101","评审人员","True","True","True","cf[15101]|评审人员","array","com.atlassian.jira.plugin.system.customfieldtypes:multiuserpicker"
"customfield_17400","软件开发阶段","True","True","True","cf[17400]|软件开发阶段","option-with-child","com.atlassian.jira.plugin.system.customfieldtypes:cascadingselect"
"customfield_19700","系统设计计划完成时间","True","True","True","cf[19700]|系统设计计划完成时间","date","com.atlassian.jira.plugin.system.customfieldtypes:datepicker"
"customfield_19701","模块设计计划完成时间","True","True","True","cf[19701]|模块设计计划完成时间","date","com.atlassian.jira.plugin.system.customfieldtypes:datepicker"
"customfield_20800","月份","True","True","True","cf[20800]|月份","option","com.atlassian.jira.plugin.system.customfieldtypes:select"
"customfield_24300","流水线ID","True","True","True","cf[24300]|流水线ID","string","com.atlassian.jira.plugin.system.customfieldtypes:textfield"
"customfield_26600","系统集成计划完成时间","True","True","True","cf[26600]|系统集成计划完成时间","date","com.atlassian.jira.plugin.system.customfieldtypes:datepicker"
"customfield_14241","需求编号","True","True","True","cf[14241]|需求编号","string","com.atlassian.jira.plugin.system.customfieldtypes:textfield"
"customfield_14242","审核人","True","True","True","cf[14242]|审核人","user","com.atlassian.jira.plugin.system.customfieldtypes:userpicker"
"customfield_14000","是否NPS问题","True","True","True","cf[14000]|是否NPS问题","option","com.atlassian.jira.plugin.system.customfieldtypes:select"
"customfield_14240","评审完成日期","True","True","True","cf[14240]|评审完成日期","date","com.atlassian.jira.plugin.system.customfieldtypes:datepicker"
"aggregateprogress","Σ 进度","False","False","False","","progress",
"customfield_16300","需求自测记录","True","True","True","cf[16300]|需求自测记录","string","com.atlassian.jira.plugin.system.customfieldtypes:textarea"
"customfield_18600","评审时长(小时)","True","True","True","cf[18600]|评审时长(小时)","number","com.atlassian.jira.plugin.system.customfieldtypes:float"
"customfield_27701","产品经理意见","True","True","True","cf[27701]|产品经理意见","option","com.atlassian.jira.plugin.system.customfieldtypes:select"
"customfield_25401","恢复方式","True","True","True","cf[25401]|恢复方式","option","com.atlassian.jira.plugin.system.customfieldtypes:select"
"customfield_27700","问题现象","True","True","True","cf[27700]|问题现象","option","com.atlassian.jira.plugin.system.customfieldtypes:select"
"customfield_14230","初步分析","True","True","True","cf[14230]|初步分析","string","com.atlassian.jira.plugin.system.customfieldtypes:textarea"
"customfield_14231","成本影响分析","True","True","True","cf[14231]|成本影响分析","number","com.atlassian.jira.plugin.system.customfieldtypes:float"
"customfield_14234","工艺影响分析","True","True","True","cf[14234]|工艺影响分析","string","com.atlassian.jira.plugin.system.customfieldtypes:textarea"
"customfield_14235","人力投入及研发费用分析","True","True","True","cf[14235]|人力投入及研发费用分析","string","com.atlassian.jira.plugin.system.customfieldtypes:textarea"
"customfield_15200","CR影响度","True","True","True","cf[15200]|CR影响度","number","com.atlassian.jira.plugin.system.customfieldtypes:float"
"customfield_17500","【机型序列名称】TV Serial Model","True","True","True","cf[17500]|【机型序列名称】TV Serial Model","string","com.atlassian.jira.plugin.system.customfieldtypes:textfield"
"customfield_14232","进度影响分析","True","True","True","cf[14232]|进度影响分析","string","com.atlassian.jira.plugin.system.customfieldtypes:textarea"
"customfield_15201","CR评估结论","True","True","True","cf[15201]|CR评估结论","option","com.atlassian.jira.plugin.system.customfieldtypes:select"
"customfield_14233","质量影响分析","True","True","True","cf[14233]|质量影响分析","string","com.atlassian.jira.plugin.system.customfieldtypes:textarea"
"customfield_14238","评审类别","True","True","True","cf[14238]|评审类别","option","com.atlassian.jira.plugin.system.customfieldtypes:select"
"customfield_14239","工作产品规模","True","True","True","cf[14239]|工作产品规模","number","com.atlassian.jira.plugin.system.customfieldtypes:float"
"customfield_14236","变更关闭方式","True","True","True","cf[14236]|变更关闭方式","option","com.atlassian.jira.plugin.system.customfieldtypes:select"
"customfield_19800","审核通过时间","True","True","True","cf[19800]|审核通过时间","datetime","com.atlassian.jira.plugin.system.customfieldtypes:datetime"
"customfield_14237","存在的问题","True","True","True","cf[14237]|存在的问题","string","com.atlassian.jira.plugin.system.customfieldtypes:textarea"
"customfield_14229","技术可行性分析","True","True","True","cf[14229]|技术可行性分析","option","com.atlassian.jira.plugin.system.customfieldtypes:select"
"customfield_24200","功能自测报告","True","True","True","cf[24200]|功能自测报告","string","com.atlassian.jira.plugin.system.customfieldtypes:textfield"
"customfield_26500","系统测试用例地址","True","True","True","cf[26500]|系统测试用例地址","string","com.atlassian.jira.plugin.system.customfieldtypes:textfield"
"customfield_20900","申诉状态","True","True","True","cf[20900]|申诉状态","option","com.atlassian.jira.plugin.system.customfieldtypes:select"
"customfield_26502","独立应用软件测试报告","True","True","True","cf[26502]|独立应用软件测试报告","string","com.atlassian.jira.plugin.system.customfieldtypes:textfield"
"customfield_26501","系统测试用例评审报告地址","True","True","True","cf[26501]|系统测试用例评审报告地址","string","com.atlassian.jira.plugin.system.customfieldtypes:textfield"
"customfield_26504","变更说明","True","True","True","cf[26504]|变更说明","string","com.atlassian.jira.plugin.system.customfieldtypes:textarea"
"customfield_26503","转系统测试到期日","True","True","True","cf[26503]|转系统测试到期日","date","com.atlassian.jira.plugin.system.customfieldtypes:datepicker"
"thumbnail","图像","False","False","False","",,
"customfield_14220","风险关闭原因","True","True","True","cf[14220]|风险关闭原因","option","com.atlassian.jira.plugin.system.customfieldtypes:select"
"created","创建","False","False","True","created|createdDate","datetime",
"customfield_14223","变更影响清单","True","True","True","cf[14223]|变更影响清单","string","com.atlassian.jira.plugin.system.customfieldtypes:textarea"
"customfield_19912","在研机型","True","True","True","cf[19912]|在研机型","string","com.atlassian.jira.plugin.system.customfieldtypes:textarea"
"customfield_19913","Notice任务问题号","True","True","True","cf[19913]|Notice任务问题号","string","com.atlassian.jira.plugin.system.customfieldtypes:textarea"
"customfield_14224","挖掘真实用户动机","True","True","True","cf[14224]|挖掘真实用户动机","string","com.atlassian.jira.plugin.system.customfieldtypes:textarea"
"customfield_14100","External ID","True","True","True","cf[14100]|External ID","string","com.atlassian.jira.plugin.system.customfieldtypes:textfield"
"customfield_14221","市场影响分析","True","True","True","cf[14221]|市场影响分析","string","com.atlassian.jira.plugin.system.customfieldtypes:textarea"
"customfield_16400","是否严重问题","True","True","True","cf[16400]|是否严重问题","option","com.atlassian.jira.plugin.system.customfieldtypes:select"
"customfield_14222","用户体验影响分析","True","True","True","cf[14222]|用户体验影响分析","string","com.atlassian.jira.plugin.system.customfieldtypes:textarea"
"customfield_14227","评估日期","True","True","True","cf[14227]|评估日期","date","com.atlassian.jira.plugin.system.customfieldtypes:datepicker"
"customfield_14228","批准人","True","True","True","cf[14228]|批准人","user","com.atlassian.jira.plugin.system.customfieldtypes:userpicker"
"customfield_19910","分支信息","True","True","True","cf[19910]|分支信息","string","com.atlassian.jira.plugin.system.customfieldtypes:textarea"
"customfield_18700","变更发生背景","True","True","True","cf[18700]|变更发生背景","option","com.atlassian.jira.plugin.system.customfieldtypes:select"
"customfield_14225","评审报告及SVN地址","True","True","True","cf[14225]|评审报告及SVN地址","string","com.atlassian.jira.plugin.system.customfieldtypes:textarea"
"customfield_14226","PLM ID或JIRA ID","True","True","True","cf[14226]|PLM ID或JIRA ID","string","com.atlassian.jira.plugin.system.customfieldtypes:textfield"
"customfield_19911","已批量机型","True","True","True","cf[19911]|已批量机型","string","com.atlassian.jira.plugin.system.customfieldtypes:textarea"
"customfield_19909","原问题JIRA ID","True","True","True","cf[19909]|原问题JIRA ID","string","com.atlassian.jira.plugin.system.customfieldtypes:textfield"
"customfield_14218","风险响应措施","True","True","True","cf[14218]|风险响应措施","string","com.atlassian.jira.plugin.system.customfieldtypes:textarea"
"customfield_14219","风险规避措施","True","True","True","cf[14219]|风险规避措施","string","com.atlassian.jira.plugin.system.customfieldtypes:textarea"
"customfield_19905","市场(应用)","True","True","True","cf[19905]|市场(应用)","string","com.atlassian.jira.plugin.system.customfieldtypes:textarea"
"customfield_19906","系统版本","True","True","True","cf[19906]|系统版本","string","com.atlassian.jira.plugin.system.customfieldtypes:textarea"
"customfield_19907","系统版本(应用)","True","True","True","cf[19907]|系统版本(应用)","string","com.atlassian.jira.plugin.system.customfieldtypes:textarea"
"customfield_19908","说明","True","True","True","cf[19908]|说明","string","com.atlassian.jira.plugin.system.customfieldtypes:textarea"
"customfield_25300","最新进展-单行","True","True","True","cf[25300]|最新进展-单行","string","com.atlassian.jira.plugin.system.customfieldtypes:textfield"
"customfield_27600","需求来源","True","True","True","cf[27600]|需求来源","string","com.atlassian.jira.plugin.system.customfieldtypes:textarea"
"customfield_19901","方案(应用)","True","True","True","cf[19901]|方案(应用)","string","com.atlassian.jira.plugin.system.customfieldtypes:textarea"
"customfield_17601","是否已执行","True","True","True","cf[17601]|是否已执行","option","com.atlassian.jira.plugin.system.customfieldtypes:select"
"customfield_14212","编码任务ID","True","True","True","cf[14212]|编码任务ID","string","com.atlassian.jira.plugin.system.customfieldtypes:textfield"
"customfield_19902","分支","True","True","True","cf[19902]|分支","string","com.atlassian.jira.plugin.system.customfieldtypes:textarea"
"customfield_17600","问题澄清","True","True","True","cf[17600]|问题澄清","string","com.atlassian.jira.plugin.system.customfieldtypes:textarea"
"customfield_14213","风险类别","True","True","True","cf[14213]|风险类别","option","com.atlassian.jira.plugin.system.customfieldtypes:select"
"customfield_19903","分支(应用Notice)","True","True","True","cf[19903]|分支(应用Notice)","string","com.atlassian.jira.plugin.system.customfieldtypes:textarea"
"customfield_14210","文档地址","True","True","True","cf[14210]|文档地址","string","com.atlassian.jira.plugin.system.customfieldtypes:textfield"
"customfield_19904","市场","True","True","True","cf[19904]|市场","string","com.atlassian.jira.plugin.system.customfieldtypes:textarea"
"customfield_15300","技术影响分析","True","True","True","cf[15300]|技术影响分析","string","com.atlassian.jira.plugin.system.customfieldtypes:textarea"
"customfield_14211","负责人","True","True","True","cf[14211]|负责人","user","com.atlassian.jira.plugin.system.customfieldtypes:userpicker"
"customfield_14217","风险等级","True","True","True","cf[14217]|风险等级","option","com.atlassian.jira.plugin.system.customfieldtypes:select"
"customfield_14214","风险来源","True","True","True","cf[14214]|风险来源","option","com.atlassian.jira.plugin.system.customfieldtypes:select"
"customfield_19900","方案","True","True","True","cf[19900]|方案","string","com.atlassian.jira.plugin.system.customfieldtypes:textarea"
"customfield_17602","方案实施的责任人","True","True","True","cf[17602]|方案实施的责任人","user","com.atlassian.jira.plugin.system.customfieldtypes:userpicker"
"customfield_14215","风险发生概率","True","True","True","cf[14215]|风险发生概率","option","com.atlassian.jira.plugin.system.customfieldtypes:select"
"security","安全级别","False","True","True","level","securitylevel",
"customfield_14207","需求终止原因","True","True","True","cf[14207]|需求终止原因","option","com.atlassian.jira.plugin.system.customfieldtypes:select"
"customfield_14208","需求类别","True","True","True","cf[14208]|需求类别","option","com.atlassian.jira.plugin.system.customfieldtypes:select"
"attachment","附件","False","True","True","attachments","array",
"customfield_24100","软件开发阶段-废弃","True","True","True","cf[24100]|软件开发阶段-废弃","option","com.atlassian.jira.plugin.system.customfieldtypes:select"
"customfield_26400","二级技术模块","True","True","True","cf[26400]|二级技术模块","option-with-child","com.atlassian.jira.plugin.system.customfieldtypes:cascadingselect"
"customfield_14201","开始时间","True","True","True","cf[14201]|开始时间","date","com.atlassian.jira.plugin.system.customfieldtypes:datepicker"
"customfield_16501","评估信息","True","True","True","cf[16501]|评估信息","string","com.atlassian.jira.plugin.system.customfieldtypes:textarea"
"customfield_14202","后置任务经办人","True","True","True","cf[14202]|后置任务经办人","user","com.atlassian.jira.plugin.system.customfieldtypes:userpicker"
"customfield_16500","评估事项","True","True","True","cf[16500]|评估事项","string","com.atlassian.jira.plugin.system.customfieldtypes:textarea"
"customfield_14200","里程碑目标","True","True","True","cf[14200]|里程碑目标","string","com.atlassian.jira.plugin.system.customfieldtypes:textarea"
"customfield_14205","PRD","True","True","True","cf[14205]|PRD","string","com.atlassian.jira.plugin.system.customfieldtypes:textfield"
"customfield_14206","UXD","True","True","True","cf[14206]|UXD","string","com.atlassian.jira.plugin.system.customfieldtypes:textfield"
"customfield_14203","目标达成结果","True","True","True","cf[14203]|目标达成结果","string","com.atlassian.jira.plugin.system.customfieldtypes:textarea"
"customfield_18800","二级技术模块-外销","True","True","True","cf[18800]|二级技术模块-外销","option","com.atlassian.jira.plugin.system.customfieldtypes:select"
"customfield_14204","重启理由","True","True","True","cf[14204]|重启理由","string","com.atlassian.jira.plugin.system.customfieldtypes:textarea"
"customfield_13108","Software download link","True","True","True","cf[13108]|Software download link","string","com.atlassian.jira.plugin.system.customfieldtypes:textarea"
"customfield_13107","Temporary countermeasure","True","True","True","cf[13107]|Temporary countermeasure","string","com.atlassian.jira.plugin.system.customfieldtypes:textarea"
"customfield_13109","Long term resolution","True","True","True","cf[13109]|Long term resolution","string","com.atlassian.jira.plugin.system.customfieldtypes:textarea"
"customfield_25200","是否是BLOCK问题","True","True","True","cf[25200]|是否是BLOCK问题","option","com.atlassian.jira.plugin.system.customfieldtypes:select"
"customfield_25201","同步给第三方进展记录","True","True","True","cf[25201]|同步给第三方进展记录","string","com.atlassian.jira.plugin.system.customfieldtypes:textarea"
"customfield_25202","CI未能发现的原因","True","True","True","cf[25202]|CI未能发现的原因","option","com.atlassian.jira.plugin.system.customfieldtypes:select"
"customfield_27500","依赖云端","True","True","True","cf[27500]|依赖云端","option","com.atlassian.jira.plugin.system.customfieldtypes:radiobuttons"
"customfield_25203","TAG号","True","True","True","cf[25203]|TAG号","string","com.atlassian.jira.plugin.system.customfieldtypes:textfield"
"customfield_25204","第三方联系人","True","True","True","cf[25204]|第三方联系人","string","com.atlassian.jira.plugin.system.customfieldtypes:textfield"
